WORKSHOP;MACHINE;RECIPE
LITHOGRAPHY;MACHINE_0007;RECIPE_0001
LITHOGRAPHY;MACHINE_0001;RECIPE_0001
LITHOGRAPHY;MACHINE_0014;RECIPE_0001
LITHOGRAPHY;MACHINE_0027;RECIPE_0001
LITHOGRAPHY;MACHINE_0030;RECIPE_0001
LITHOGRAPHY;MACHINE_0031;RECIPE_0001
LITHOGRAPHY;MACHINE_0031;RECIPE_0002
LITHOGRAPHY;MACHINE_0017;RECIPE_0002
LITHOGRAPHY;MACHINE_0002;RECIPE_0002
LITHOGRAPHY;MACHINE_0012;RECIPE_0002
LITHOGRAPHY;MACHINE_0028;RECIPE_0002
LITHOGRAPHY;MACHINE_0005;RECIPE_0002
LITHOGRAPHY;MACHINE_0008;RECIPE_0002
LITHOGRAPHY;MACHINE_0029;RECIPE_0002
LITHOGRAPHY;MACHINE_0001;RECIPE_0002
LITHOGRAPHY;MACHINE_0036;RECIPE_0002
LITHOGRAPHY;MACHINE_0025;RECIPE_0002
LITHOGRAPHY;MACHINE_0002;RECIPE_0003
LITHOGRAPHY;MACHINE_0004;RECIPE_0003
LITHOGRAPHY;MACHINE_0036;RECIPE_0003
LITHOGRAPHY;MACHINE_0017;RECIPE_0003
LITHOGRAPHY;MACHINE_0025;RECIPE_0003
LITHOGRAPHY;MACHINE_0033;RECIPE_0003
LITHOGRAPHY;MACHINE_0040;RECIPE_0004
LITHOGRAPHY;MACHINE_0008;RECIPE_0004
LITHOGRAPHY;MACHINE_0001;RECIPE_0004
LITHOGRAPHY;MACHINE_0027;RECIPE_0004
LITHOGRAPHY;MACHINE_0021;RECIPE_0004
LITHOGRAPHY;MACHINE_0032;RECIPE_0004
LITHOGRAPHY;MACHINE_0036;RECIPE_0005
LITHOGRAPHY;MACHINE_0018;RECIPE_0005
LITHOGRAPHY;MACHINE_0022;RECIPE_0005
LITHOGRAPHY;MACHINE_0013;RECIPE_0005
LITHOGRAPHY;MACHINE_0019;RECIPE_0005
LITHOGRAPHY;MACHINE_0037;RECIPE_0005
LITHOGRAPHY;MACHINE_0021;RECIPE_0005
LITHOGRAPHY;MACHINE_0038;RECIPE_0005
LITHOGRAPHY;MACHINE_0003;RECIPE_0005
LITHOGRAPHY;MACHINE_0002;RECIPE_0005
LITHOGRAPHY;MACHINE_0011;RECIPE_0005
LITHOGRAPHY;MACHINE_0017;RECIPE_0005
LITHOGRAPHY;MACHINE_0013;RECIPE_0006
LITHOGRAPHY;MACHINE_0024;RECIPE_0006
LITHOGRAPHY;MACHINE_0021;RECIPE_0006
LITHOGRAPHY;MACHINE_0030;RECIPE_0006
LITHOGRAPHY;MACHINE_0005;RECIPE_0006
LITHOGRAPHY;MACHINE_0026;RECIPE_0006
LITHOGRAPHY;MACHINE_0038;RECIPE_0006
LITHOGRAPHY;MACHINE_0033;RECIPE_0006
LITHOGRAPHY;MACHINE_0013;RECIPE_0007
LITHOGRAPHY;MACHINE_0020;RECIPE_0007
LITHOGRAPHY;MACHINE_0031;RECIPE_0007
LITHOGRAPHY;MACHINE_0037;RECIPE_0007
LITHOGRAPHY;MACHINE_0034;RECIPE_0007
LITHOGRAPHY;MACHINE_0007;RECIPE_0007
LITHOGRAPHY;MACHINE_0005;RECIPE_0007
LITHOGRAPHY;MACHINE_0014;RECIPE_0007
LITHOGRAPHY;MACHINE_0023;RECIPE_0007
LITHOGRAPHY;MACHINE_0005;RECIPE_0008
LITHOGRAPHY;MACHINE_0024;RECIPE_0008
LITHOGRAPHY;MACHINE_0023;RECIPE_0008
LITHOGRAPHY;MACHINE_0010;RECIPE_0008
LITHOGRAPHY;MACHINE_0020;RECIPE_0008
LITHOGRAPHY;MACHINE_0014;RECIPE_0008
LITHOGRAPHY;MACHINE_0039;RECIPE_0008
LITHOGRAPHY;MACHINE_0021;RECIPE_0008
LITHOGRAPHY;MACHINE_0018;RECIPE_0008
LITHOGRAPHY;MACHINE_0027;RECIPE_0009
LITHOGRAPHY;MACHINE_0028;RECIPE_0009
LITHOGRAPHY;MACHINE_0034;RECIPE_0009
LITHOGRAPHY;MACHINE_0031;RECIPE_0009
LITHOGRAPHY;MACHINE_0008;RECIPE_0009
LITHOGRAPHY;MACHINE_0007;RECIPE_0009
LITHOGRAPHY;MACHINE_0033;RECIPE_0009
LITHOGRAPHY;MACHINE_0038;RECIPE_0010
LITHOGRAPHY;MACHINE_0009;RECIPE_0010
LITHOGRAPHY;MACHINE_0004;RECIPE_0010
LITHOGRAPHY;MACHINE_0033;RECIPE_0010
LITHOGRAPHY;MACHINE_0006;RECIPE_0010
LITHOGRAPHY;MACHINE_0022;RECIPE_0010
LITHOGRAPHY;MACHINE_0030;RECIPE_0010
LITHOGRAPHY;MACHINE_0004;RECIPE_0011
LITHOGRAPHY;MACHINE_0035;RECIPE_0011
LITHOGRAPHY;MACHINE_0024;RECIPE_0011
LITHOGRAPHY;MACHINE_0017;RECIPE_0011
LITHOGRAPHY;MACHINE_0022;RECIPE_0011
LITHOGRAPHY;MACHINE_0007;RECIPE_0011
LITHOGRAPHY;MACHINE_0009;RECIPE_0011
LITHOGRAPHY;MACHINE_0006;RECIPE_0011
LITHOGRAPHY;MACHINE_0034;RECIPE_0012
LITHOGRAPHY;MACHINE_0001;RECIPE_0012
LITHOGRAPHY;MACHINE_0012;RECIPE_0012
LITHOGRAPHY;MACHINE_0016;RECIPE_0012
LITHOGRAPHY;MACHINE_0006;RECIPE_0012
LITHOGRAPHY;MACHINE_0007;RECIPE_0012
LITHOGRAPHY;MACHINE_0010;RECIPE_0012
LITHOGRAPHY;MACHINE_0039;RECIPE_0013
LITHOGRAPHY;MACHINE_0005;RECIPE_0013
LITHOGRAPHY;MACHINE_0040;RECIPE_0013
LITHOGRAPHY;MACHINE_0027;RECIPE_0013
LITHOGRAPHY;MACHINE_0019;RECIPE_0013
LITHOGRAPHY;MACHINE_0010;RECIPE_0013
LITHOGRAPHY;MACHINE_0020;RECIPE_0013
LITHOGRAPHY;MACHINE_0011;RECIPE_0013
LITHOGRAPHY;MACHINE_0023;RECIPE_0013
LITHOGRAPHY;MACHINE_0027;RECIPE_0014
LITHOGRAPHY;MACHINE_0035;RECIPE_0014
LITHOGRAPHY;MACHINE_0015;RECIPE_0014
LITHOGRAPHY;MACHINE_0028;RECIPE_0014
LITHOGRAPHY;MACHINE_0033;RECIPE_0014
LITHOGRAPHY;MACHINE_0039;RECIPE_0014
LITHOGRAPHY;MACHINE_0003;RECIPE_0014
LITHOGRAPHY;MACHINE_0015;RECIPE_0015
LITHOGRAPHY;MACHINE_0008;RECIPE_0015
LITHOGRAPHY;MACHINE_0018;RECIPE_0015
LITHOGRAPHY;MACHINE_0028;RECIPE_0015
LITHOGRAPHY;MACHINE_0020;RECIPE_0015
LITHOGRAPHY;MACHINE_0038;RECIPE_0015
LITHOGRAPHY;MACHINE_0005;RECIPE_0015
LITHOGRAPHY;MACHINE_0013;RECIPE_0015
LITHOGRAPHY;MACHINE_0037;RECIPE_0015
LITHOGRAPHY;MACHINE_0033;RECIPE_0016
LITHOGRAPHY;MACHINE_0034;RECIPE_0016
LITHOGRAPHY;MACHINE_0028;RECIPE_0016
LITHOGRAPHY;MACHINE_0002;RECIPE_0016
LITHOGRAPHY;MACHINE_0023;RECIPE_0016
LITHOGRAPHY;MACHINE_0007;RECIPE_0016
LITHOGRAPHY;MACHINE_0005;RECIPE_0017
LITHOGRAPHY;MACHINE_0032;RECIPE_0017
LITHOGRAPHY;MACHINE_0008;RECIPE_0017
LITHOGRAPHY;MACHINE_0040;RECIPE_0017
LITHOGRAPHY;MACHINE_0009;RECIPE_0017
LITHOGRAPHY;MACHINE_0004;RECIPE_0017
LITHOGRAPHY;MACHINE_0034;RECIPE_0017
LITHOGRAPHY;MACHINE_0024;RECIPE_0017
LITHOGRAPHY;MACHINE_0012;RECIPE_0017
LITHOGRAPHY;MACHINE_0004;RECIPE_0018
LITHOGRAPHY;MACHINE_0028;RECIPE_0018
LITHOGRAPHY;MACHINE_0015;RECIPE_0018
LITHOGRAPHY;MACHINE_0027;RECIPE_0018
LITHOGRAPHY;MACHINE_0017;RECIPE_0018
LITHOGRAPHY;MACHINE_0003;RECIPE_0018
LITHOGRAPHY;MACHINE_0022;RECIPE_0018
LITHOGRAPHY;MACHINE_0006;RECIPE_0018
LITHOGRAPHY;MACHINE_0002;RECIPE_0019
LITHOGRAPHY;MACHINE_0023;RECIPE_0019
LITHOGRAPHY;MACHINE_0025;RECIPE_0019
LITHOGRAPHY;MACHINE_0010;RECIPE_0019
LITHOGRAPHY;MACHINE_0010;RECIPE_0020
LITHOGRAPHY;MACHINE_0040;RECIPE_0020
LITHOGRAPHY;MACHINE_0007;RECIPE_0020
LITHOGRAPHY;MACHINE_0026;RECIPE_0020
LITHOGRAPHY;MACHINE_0006;RECIPE_0020
LITHOGRAPHY;MACHINE_0010;RECIPE_0021
LITHOGRAPHY;MACHINE_0026;RECIPE_0021
LITHOGRAPHY;MACHINE_0008;RECIPE_0021
LITHOGRAPHY;MACHINE_0004;RECIPE_0021
LITHOGRAPHY;MACHINE_0032;RECIPE_0021
LITHOGRAPHY;MACHINE_0004;RECIPE_0022
LITHOGRAPHY;MACHINE_0015;RECIPE_0022
LITHOGRAPHY;MACHINE_0039;RECIPE_0022
LITHOGRAPHY;MACHINE_0001;RECIPE_0022
LITHOGRAPHY;MACHINE_0030;RECIPE_0022
LITHOGRAPHY;MACHINE_0024;RECIPE_0022
LITHOGRAPHY;MACHINE_0005;RECIPE_0022
LITHOGRAPHY;MACHINE_0022;RECIPE_0022
LITHOGRAPHY;MACHINE_0028;RECIPE_0022
LITHOGRAPHY;MACHINE_0032;RECIPE_0023
LITHOGRAPHY;MACHINE_0014;RECIPE_0023
LITHOGRAPHY;MACHINE_0004;RECIPE_0023
LITHOGRAPHY;MACHINE_0011;RECIPE_0023
LITHOGRAPHY;MACHINE_0028;RECIPE_0023
LITHOGRAPHY;MACHINE_0020;RECIPE_0023
LITHOGRAPHY;MACHINE_0021;RECIPE_0023
LITHOGRAPHY;MACHINE_0001;RECIPE_0023
LITHOGRAPHY;MACHINE_0007;RECIPE_0023
LITHOGRAPHY;MACHINE_0025;RECIPE_0023
LITHOGRAPHY;MACHINE_0008;RECIPE_0024
LITHOGRAPHY;MACHINE_0020;RECIPE_0024
LITHOGRAPHY;MACHINE_0022;RECIPE_0024
LITHOGRAPHY;MACHINE_0008;RECIPE_0025
LITHOGRAPHY;MACHINE_0014;RECIPE_0025
LITHOGRAPHY;MACHINE_0013;RECIPE_0025
LITHOGRAPHY;MACHINE_0025;RECIPE_0025
LITHOGRAPHY;MACHINE_0040;RECIPE_0025
LITHOGRAPHY;MACHINE_0030;RECIPE_0025
LITHOGRAPHY;MACHINE_0006;RECIPE_0025
LITHOGRAPHY;MACHINE_0004;RECIPE_0026
LITHOGRAPHY;MACHINE_0002;RECIPE_0026
LITHOGRAPHY;MACHINE_0038;RECIPE_0026
LITHOGRAPHY;MACHINE_0001;RECIPE_0026
LITHOGRAPHY;MACHINE_0024;RECIPE_0026
LITHOGRAPHY;MACHINE_0009;RECIPE_0026
LITHOGRAPHY;MACHINE_0030;RECIPE_0026
LITHOGRAPHY;MACHINE_0005;RECIPE_0026
LITHOGRAPHY;MACHINE_0012;RECIPE_0026
LITHOGRAPHY;MACHINE_0037;RECIPE_0026
LITHOGRAPHY;MACHINE_0039;RECIPE_0026
LITHOGRAPHY;MACHINE_0036;RECIPE_0026
LITHOGRAPHY;MACHINE_0010;RECIPE_0027
LITHOGRAPHY;MACHINE_0039;RECIPE_0027
LITHOGRAPHY;MACHINE_0005;RECIPE_0027
LITHOGRAPHY;MACHINE_0035;RECIPE_0027
LITHOGRAPHY;MACHINE_0016;RECIPE_0027
LITHOGRAPHY;MACHINE_0034;RECIPE_0028
LITHOGRAPHY;MACHINE_0035;RECIPE_0028
LITHOGRAPHY;MACHINE_0016;RECIPE_0028
LITHOGRAPHY;MACHINE_0004;RECIPE_0028
LITHOGRAPHY;MACHINE_0010;RECIPE_0028
LITHOGRAPHY;MACHINE_0020;RECIPE_0028
LITHOGRAPHY;MACHINE_0029;RECIPE_0029
LITHOGRAPHY;MACHINE_0017;RECIPE_0029
LITHOGRAPHY;MACHINE_0024;RECIPE_0029
LITHOGRAPHY;MACHINE_0006;RECIPE_0029
LITHOGRAPHY;MACHINE_0010;RECIPE_0029
LITHOGRAPHY;MACHINE_0013;RECIPE_0029
LITHOGRAPHY;MACHINE_0023;RECIPE_0029
LITHOGRAPHY;MACHINE_0007;RECIPE_0029
LITHOGRAPHY;MACHINE_0017;RECIPE_0030
LITHOGRAPHY;MACHINE_0002;RECIPE_0030
LITHOGRAPHY;MACHINE_0008;RECIPE_0030
LITHOGRAPHY;MACHINE_0032;RECIPE_0030
LITHOGRAPHY;MACHINE_0029;RECIPE_0030
LITHOGRAPHY;MACHINE_0003;RECIPE_0030
LITHOGRAPHY;MACHINE_0027;RECIPE_0030
LITHOGRAPHY;MACHINE_0007;RECIPE_0030
LITHOGRAPHY;MACHINE_0038;RECIPE_0030
LITHOGRAPHY;MACHINE_0036;RECIPE_0030
LITHOGRAPHY;MACHINE_0013;RECIPE_0030
LITHOGRAPHY;MACHINE_0004;RECIPE_0030
ETCHING;MACHINE_0046;RECIPE_0031
ETCHING;MACHINE_0096;RECIPE_0031
ETCHING;MACHINE_0044;RECIPE_0031
ETCHING;MACHINE_0054;RECIPE_0031
ETCHING;MACHINE_0093;RECIPE_0032
ETCHING;MACHINE_0090;RECIPE_0032
ETCHING;MACHINE_0087;RECIPE_0032
ETCHING;MACHINE_0054;RECIPE_0032
ETCHING;MACHINE_0041;RECIPE_0032
ETCHING;MACHINE_0062;RECIPE_0033
ETCHING;MACHINE_0079;RECIPE_0033
ETCHING;MACHINE_0092;RECIPE_0033
ETCHING;MACHINE_0059;RECIPE_0033
ETCHING;MACHINE_0057;RECIPE_0033
ETCHING;MACHINE_0051;RECIPE_0033
ETCHING;MACHINE_0060;RECIPE_0033
ETCHING;MACHINE_0086;RECIPE_0033
ETCHING;MACHINE_0088;RECIPE_0033
ETCHING;MACHINE_0099;RECIPE_0034
ETCHING;MACHINE_0095;RECIPE_0034
ETCHING;MACHINE_0045;RECIPE_0034
ETCHING;MACHINE_0066;RECIPE_0034
ETCHING;MACHINE_0048;RECIPE_0034
ETCHING;MACHINE_0050;RECIPE_0035
ETCHING;MACHINE_0047;RECIPE_0035
ETCHING;MACHINE_0046;RECIPE_0035
ETCHING;MACHINE_0077;RECIPE_0035
ETCHING;MACHINE_0044;RECIPE_0035
ETCHING;MACHINE_0090;RECIPE_0035
ETCHING;MACHINE_0093;RECIPE_0036
ETCHING;MACHINE_0063;RECIPE_0036
ETCHING;MACHINE_0056;RECIPE_0036
ETCHING;MACHINE_0041;RECIPE_0036
ETCHING;MACHINE_0055;RECIPE_0036
ETCHING;MACHINE_0069;RECIPE_0036
ETCHING;MACHINE_0072;RECIPE_0036
ETCHING;MACHINE_0084;RECIPE_0036
ETCHING;MACHINE_0076;RECIPE_0036
ETCHING;MACHINE_0046;RECIPE_0037
ETCHING;MACHINE_0080;RECIPE_0037
ETCHING;MACHINE_0083;RECIPE_0037
ETCHING;MACHINE_0075;RECIPE_0037
ETCHING;MACHINE_0081;RECIPE_0037
ETCHING;MACHINE_0071;RECIPE_0037
ETCHING;MACHINE_0094;RECIPE_0037
ETCHING;MACHINE_0049;RECIPE_0037
ETCHING;MACHINE_0041;RECIPE_0038
ETCHING;MACHINE_0067;RECIPE_0038
ETCHING;MACHINE_0079;RECIPE_0038
ETCHING;MACHINE_0056;RECIPE_0039
ETCHING;MACHINE_0080;RECIPE_0039
ETCHING;MACHINE_0053;RECIPE_0039
ETCHING;MACHINE_0046;RECIPE_0039
ETCHING;MACHINE_0057;RECIPE_0040
ETCHING;MACHINE_0097;RECIPE_0040
ETCHING;MACHINE_0088;RECIPE_0040
ETCHING;MACHINE_0059;RECIPE_0040
ETCHING;MACHINE_0087;RECIPE_0040
ETCHING;MACHINE_0064;RECIPE_0040
ETCHING;MACHINE_0070;RECIPE_0040
ETCHING;MACHINE_0067;RECIPE_0040
ETCHING;MACHINE_0077;RECIPE_0040
ETCHING;MACHINE_0075;RECIPE_0041
ETCHING;MACHINE_0078;RECIPE_0041
ETCHING;MACHINE_0061;RECIPE_0041
ETCHING;MACHINE_0049;RECIPE_0041
ETCHING;MACHINE_0074;RECIPE_0041
ETCHING;MACHINE_0095;RECIPE_0041
ETCHING;MACHINE_0092;RECIPE_0041
ETCHING;MACHINE_0099;RECIPE_0042
ETCHING;MACHINE_0076;RECIPE_0042
ETCHING;MACHINE_0066;RECIPE_0042
ETCHING;MACHINE_0060;RECIPE_0042
ETCHING;MACHINE_0096;RECIPE_0042
ETCHING;MACHINE_0046;RECIPE_0042
ETCHING;MACHINE_0084;RECIPE_0042
ETCHING;MACHINE_0098;RECIPE_0042
ETCHING;MACHINE_0092;RECIPE_0042
ETCHING;MACHINE_0044;RECIPE_0043
ETCHING;MACHINE_0093;RECIPE_0043
ETCHING;MACHINE_0046;RECIPE_0043
ETCHING;MACHINE_0062;RECIPE_0043
ETCHING;MACHINE_0054;RECIPE_0044
ETCHING;MACHINE_0067;RECIPE_0044
ETCHING;MACHINE_0092;RECIPE_0044
ETCHING;MACHINE_0075;RECIPE_0044
ETCHING;MACHINE_0100;RECIPE_0044
ETCHING;MACHINE_0093;RECIPE_0044
ETCHING;MACHINE_0094;RECIPE_0044
ETCHING;MACHINE_0096;RECIPE_0044
ETCHING;MACHINE_0057;RECIPE_0045
ETCHING;MACHINE_0082;RECIPE_0045
ETCHING;MACHINE_0099;RECIPE_0045
ETCHING;MACHINE_0046;RECIPE_0046
ETCHING;MACHINE_0095;RECIPE_0046
ETCHING;MACHINE_0098;RECIPE_0046
ETCHING;MACHINE_0053;RECIPE_0046
ETCHING;MACHINE_0041;RECIPE_0046
ETCHING;MACHINE_0067;RECIPE_0046
ETCHING;MACHINE_0075;RECIPE_0046
ETCHING;MACHINE_0097;RECIPE_0046
ETCHING;MACHINE_0069;RECIPE_0046
ETCHING;MACHINE_0062;RECIPE_0047
ETCHING;MACHINE_0044;RECIPE_0047
ETCHING;MACHINE_0063;RECIPE_0047
ETCHING;MACHINE_0072;RECIPE_0047
ETCHING;MACHINE_0056;RECIPE_0048
ETCHING;MACHINE_0047;RECIPE_0048
ETCHING;MACHINE_0046;RECIPE_0048
ETCHING;MACHINE_0064;RECIPE_0048
ETCHING;MACHINE_0059;RECIPE_0048
ETCHING;MACHINE_0068;RECIPE_0048
ETCHING;MACHINE_0081;RECIPE_0049
ETCHING;MACHINE_0085;RECIPE_0049
ETCHING;MACHINE_0100;RECIPE_0049
ETCHING;MACHINE_0068;RECIPE_0049
ETCHING;MACHINE_0087;RECIPE_0049
ETCHING;MACHINE_0089;RECIPE_0050
ETCHING;MACHINE_0061;RECIPE_0050
ETCHING;MACHINE_0084;RECIPE_0050
ETCHING;MACHINE_0087;RECIPE_0050
ETCHING;MACHINE_0050;RECIPE_0050
ETCHING;MACHINE_0075;RECIPE_0051
ETCHING;MACHINE_0058;RECIPE_0051
ETCHING;MACHINE_0063;RECIPE_0051
ETCHING;MACHINE_0054;RECIPE_0051
ETCHING;MACHINE_0073;RECIPE_0051
ETCHING;MACHINE_0042;RECIPE_0051
ETCHING;MACHINE_0088;RECIPE_0051
ETCHING;MACHINE_0055;RECIPE_0051
ETCHING;MACHINE_0068;RECIPE_0051
ETCHING;MACHINE_0048;RECIPE_0051
ETCHING;MACHINE_0058;RECIPE_0052
ETCHING;MACHINE_0084;RECIPE_0052
ETCHING;MACHINE_0054;RECIPE_0052
ETCHING;MACHINE_0072;RECIPE_0052
ETCHING;MACHINE_0052;RECIPE_0052
ETCHING;MACHINE_0061;RECIPE_0053
ETCHING;MACHINE_0088;RECIPE_0053
ETCHING;MACHINE_0079;RECIPE_0053
ETCHING;MACHINE_0050;RECIPE_0053
ETCHING;MACHINE_0092;RECIPE_0053
ETCHING;MACHINE_0084;RECIPE_0053
ETCHING;MACHINE_0099;RECIPE_0054
ETCHING;MACHINE_0054;RECIPE_0054
ETCHING;MACHINE_0064;RECIPE_0054
ETCHING;MACHINE_0058;RECIPE_0054
ETCHING;MACHINE_0096;RECIPE_0054
ETCHING;MACHINE_0076;RECIPE_0054
ETCHING;MACHINE_0091;RECIPE_0054
ETCHING;MACHINE_0098;RECIPE_0055
ETCHING;MACHINE_0082;RECIPE_0055
ETCHING;MACHINE_0080;RECIPE_0055
ETCHING;MACHINE_0096;RECIPE_0055
ETCHING;MACHINE_0084;RECIPE_0056
ETCHING;MACHINE_0043;RECIPE_0056
ETCHING;MACHINE_0062;RECIPE_0056
ETCHING;MACHINE_0081;RECIPE_0056
ETCHING;MACHINE_0052;RECIPE_0056
ETCHING;MACHINE_0058;RECIPE_0056
ETCHING;MACHINE_0070;RECIPE_0056
ETCHING;MACHINE_0042;RECIPE_0056
ETCHING;MACHINE_0087;RECIPE_0057
ETCHING;MACHINE_0092;RECIPE_0057
ETCHING;MACHINE_0043;RECIPE_0057
ETCHING;MACHINE_0095;RECIPE_0057
ETCHING;MACHINE_0089;RECIPE_0057
ETCHING;MACHINE_0064;RECIPE_0057
ETCHING;MACHINE_0074;RECIPE_0057
ETCHING;MACHINE_0083;RECIPE_0057
ETCHING;MACHINE_0062;RECIPE_0058
ETCHING;MACHINE_0065;RECIPE_0058
ETCHING;MACHINE_0090;RECIPE_0058
ETCHING;MACHINE_0044;RECIPE_0058
ETCHING;MACHINE_0059;RECIPE_0058
ETCHING;MACHINE_0092;RECIPE_0059
ETCHING;MACHINE_0100;RECIPE_0059
ETCHING;MACHINE_0068;RECIPE_0059
ETCHING;MACHINE_0043;RECIPE_0059
ETCHING;MACHINE_0085;RECIPE_0059
ETCHING;MACHINE_0059;RECIPE_0059
ETCHING;MACHINE_0061;RECIPE_0059
ETCHING;MACHINE_0076;RECIPE_0060
ETCHING;MACHINE_0075;RECIPE_0060
ETCHING;MACHINE_0047;RECIPE_0060
ETCHING;MACHINE_0073;RECIPE_0061
ETCHING;MACHINE_0091;RECIPE_0061
ETCHING;MACHINE_0065;RECIPE_0061
ETCHING;MACHINE_0074;RECIPE_0061
ETCHING;MACHINE_0056;RECIPE_0062
ETCHING;MACHINE_0083;RECIPE_0062
ETCHING;MACHINE_0049;RECIPE_0062
ETCHING;MACHINE_0085;RECIPE_0062
ETCHING;MACHINE_0093;RECIPE_0062
ETCHING;MACHINE_0080;RECIPE_0062
ETCHING;MACHINE_0055;RECIPE_0062
ETCHING;MACHINE_0042;RECIPE_0062
ETCHING;MACHINE_0094;RECIPE_0062
ETCHING;MACHINE_0059;RECIPE_0062
ETCHING;MACHINE_0097;RECIPE_0063
ETCHING;MACHINE_0060;RECIPE_0063
ETCHING;MACHINE_0076;RECIPE_0063
ETCHING;MACHINE_0042;RECIPE_0063
ETCHING;MACHINE_0066;RECIPE_0063
ETCHING;MACHINE_0075;RECIPE_0063
ETCHING;MACHINE_0061;RECIPE_0063
ETCHING;MACHINE_0062;RECIPE_0063
ETCHING;MACHINE_0063;RECIPE_0064
ETCHING;MACHINE_0041;RECIPE_0064
ETCHING;MACHINE_0052;RECIPE_0064
ETCHING;MACHINE_0074;RECIPE_0064
ETCHING;MACHINE_0047;RECIPE_0064
ETCHING;MACHINE_0095;RECIPE_0064
ETCHING;MACHINE_0068;RECIPE_0065
ETCHING;MACHINE_0055;RECIPE_0065
ETCHING;MACHINE_0080;RECIPE_0065
ETCHING;MACHINE_0046;RECIPE_0065
ETCHING;MACHINE_0054;RECIPE_0065
ETCHING;MACHINE_0070;RECIPE_0065
ETCHING;MACHINE_0074;RECIPE_0065
ETCHING;MACHINE_0079;RECIPE_0065
ETCHING;MACHINE_0061;RECIPE_0066
ETCHING;MACHINE_0043;RECIPE_0066
ETCHING;MACHINE_0080;RECIPE_0066
ETCHING;MACHINE_0055;RECIPE_0066
ETCHING;MACHINE_0083;RECIPE_0066
ETCHING;MACHINE_0062;RECIPE_0066
ETCHING;MACHINE_0070;RECIPE_0066
ETCHING;MACHINE_0097;RECIPE_0066
ETCHING;MACHINE_0047;RECIPE_0067
ETCHING;MACHINE_0060;RECIPE_0067
ETCHING;MACHINE_0093;RECIPE_0067
ETCHING;MACHINE_0066;RECIPE_0067
ETCHING;MACHINE_0084;RECIPE_0067
ETCHING;MACHINE_0094;RECIPE_0068
ETCHING;MACHINE_0044;RECIPE_0068
ETCHING;MACHINE_0047;RECIPE_0068
ETCHING;MACHINE_0090;RECIPE_0068
ETCHING;MACHINE_0057;RECIPE_0068
ETCHING;MACHINE_0049;RECIPE_0068
ETCHING;MACHINE_0073;RECIPE_0068
ETCHING;MACHINE_0088;RECIPE_0068
ETCHING;MACHINE_0099;RECIPE_0068
ETCHING;MACHINE_0084;RECIPE_0068
ETCHING;MACHINE_0065;RECIPE_0068
ETCHING;MACHINE_0064;RECIPE_0068
ETCHING;MACHINE_0076;RECIPE_0069
ETCHING;MACHINE_0059;RECIPE_0069
ETCHING;MACHINE_0052;RECIPE_0069
ETCHING;MACHINE_0080;RECIPE_0069
ETCHING;MACHINE_0041;RECIPE_0069
ETCHING;MACHINE_0092;RECIPE_0069
ETCHING;MACHINE_0096;RECIPE_0069
ETCHING;MACHINE_0083;RECIPE_0069
ETCHING;MACHINE_0049;RECIPE_0070
ETCHING;MACHINE_0050;RECIPE_0070
ETCHING;MACHINE_0095;RECIPE_0070
ETCHING;MACHINE_0092;RECIPE_0070
ETCHING;MACHINE_0099;RECIPE_0070
ETCHING;MACHINE_0048;RECIPE_0070
ETCHING;MACHINE_0056;RECIPE_0070
ETCHING;MACHINE_0055;RECIPE_0070
ETCHING;MACHINE_0058;RECIPE_0070
ETCHING;MACHINE_0078;RECIPE_0071
ETCHING;MACHINE_0079;RECIPE_0071
ETCHING;MACHINE_0069;RECIPE_0071
ETCHING;MACHINE_0095;RECIPE_0071
ETCHING;MACHINE_0075;RECIPE_0071
ETCHING;MACHINE_0077;RECIPE_0071
ETCHING;MACHINE_0057;RECIPE_0072
ETCHING;MACHINE_0098;RECIPE_0072
ETCHING;MACHINE_0044;RECIPE_0072
ETCHING;MACHINE_0092;RECIPE_0072
ETCHING;MACHINE_0063;RECIPE_0072
ETCHING;MACHINE_0065;RECIPE_0073
ETCHING;MACHINE_0052;RECIPE_0073
ETCHING;MACHINE_0083;RECIPE_0073
ETCHING;MACHINE_0071;RECIPE_0073
ETCHING;MACHINE_0087;RECIPE_0073
ETCHING;MACHINE_0064;RECIPE_0073
ETCHING;MACHINE_0098;RECIPE_0074
ETCHING;MACHINE_0099;RECIPE_0074
ETCHING;MACHINE_0097;RECIPE_0074
ETCHING;MACHINE_0092;RECIPE_0074
ETCHING;MACHINE_0044;RECIPE_0074
ETCHING;MACHINE_0078;RECIPE_0074
ETCHING;MACHINE_0080;RECIPE_0074
ETCHING;MACHINE_0065;RECIPE_0074
ETCHING;MACHINE_0063;RECIPE_0074
ETCHING;MACHINE_0047;RECIPE_0074
ETCHING;MACHINE_0094;RECIPE_0074
ETCHING;MACHINE_0066;RECIPE_0074
ETCHING;MACHINE_0054;RECIPE_0075
ETCHING;MACHINE_0070;RECIPE_0075
ETCHING;MACHINE_0085;RECIPE_0075
ETCHING;MACHINE_0078;RECIPE_0075
ETCHING;MACHINE_0064;RECIPE_0075
ETCHING;MACHINE_0063;RECIPE_0076
ETCHING;MACHINE_0093;RECIPE_0076
ETCHING;MACHINE_0056;RECIPE_0076
ETCHING;MACHINE_0080;RECIPE_0076
ETCHING;MACHINE_0064;RECIPE_0077
ETCHING;MACHINE_0077;RECIPE_0077
ETCHING;MACHINE_0092;RECIPE_0077
ETCHING;MACHINE_0079;RECIPE_0077
ETCHING;MACHINE_0095;RECIPE_0078
ETCHING;MACHINE_0060;RECIPE_0078
ETCHING;MACHINE_0041;RECIPE_0078
ETCHING;MACHINE_0072;RECIPE_0078
ETCHING;MACHINE_0094;RECIPE_0078
ETCHING;MACHINE_0061;RECIPE_0079
ETCHING;MACHINE_0058;RECIPE_0079
ETCHING;MACHINE_0081;RECIPE_0079
ETCHING;MACHINE_0057;RECIPE_0079
ETCHING;MACHINE_0041;RECIPE_0079
ETCHING;MACHINE_0056;RECIPE_0080
ETCHING;MACHINE_0079;RECIPE_0080
ETCHING;MACHINE_0066;RECIPE_0080
ETCHING;MACHINE_0072;RECIPE_0080
ETCHING;MACHINE_0096;RECIPE_0080
ETCHING;MACHINE_0080;RECIPE_0080
ETCHING;MACHINE_0092;RECIPE_0081
ETCHING;MACHINE_0063;RECIPE_0081
ETCHING;MACHINE_0093;RECIPE_0081
ETCHING;MACHINE_0094;RECIPE_0082
ETCHING;MACHINE_0070;RECIPE_0082
ETCHING;MACHINE_0089;RECIPE_0082
ETCHING;MACHINE_0077;RECIPE_0083
ETCHING;MACHINE_0098;RECIPE_0083
ETCHING;MACHINE_0063;RECIPE_0083
ETCHING;MACHINE_0053;RECIPE_0083
ETCHING;MACHINE_0081;RECIPE_0083
ETCHING;MACHINE_0098;RECIPE_0084
ETCHING;MACHINE_0095;RECIPE_0084
ETCHING;MACHINE_0091;RECIPE_0084
ETCHING;MACHINE_0052;RECIPE_0084
ETCHING;MACHINE_0100;RECIPE_0084
ETCHING;MACHINE_0058;RECIPE_0084
ETCHING;MACHINE_0066;RECIPE_0084
ETCHING;MACHINE_0067;RECIPE_0084
ETCHING;MACHINE_0083;RECIPE_0085
ETCHING;MACHINE_0082;RECIPE_0085
ETCHING;MACHINE_0053;RECIPE_0085
ETCHING;MACHINE_0071;RECIPE_0085
ETCHING;MACHINE_0048;RECIPE_0085
ETCHING;MACHINE_0065;RECIPE_0086
ETCHING;MACHINE_0070;RECIPE_0086
ETCHING;MACHINE_0066;RECIPE_0086
ETCHING;MACHINE_0069;RECIPE_0086
ETCHING;MACHINE_0081;RECIPE_0086
ETCHING;MACHINE_0092;RECIPE_0086
ETCHING;MACHINE_0098;RECIPE_0086
ETCHING;MACHINE_0049;RECIPE_0086
ETCHING;MACHINE_0064;RECIPE_0087
ETCHING;MACHINE_0042;RECIPE_0087
ETCHING;MACHINE_0099;RECIPE_0087
ETCHING;MACHINE_0080;RECIPE_0087
ETCHING;MACHINE_0062;RECIPE_0087
ETCHING;MACHINE_0059;RECIPE_0087
ETCHING;MACHINE_0083;RECIPE_0087
ETCHING;MACHINE_0074;RECIPE_0088
ETCHING;MACHINE_0064;RECIPE_0088
ETCHING;MACHINE_0098;RECIPE_0088
ETCHING;MACHINE_0049;RECIPE_0088
ETCHING;MACHINE_0088;RECIPE_0088
ETCHING;MACHINE_0057;RECIPE_0089
ETCHING;MACHINE_0056;RECIPE_0089
ETCHING;MACHINE_0083;RECIPE_0089
ETCHING;MACHINE_0090;RECIPE_0089
ETCHING;MACHINE_0043;RECIPE_0089
ETCHING;MACHINE_0052;RECIPE_0089
ETCHING;MACHINE_0055;RECIPE_0090
ETCHING;MACHINE_0071;RECIPE_0090
ETCHING;MACHINE_0074;RECIPE_0090
ETCHING;MACHINE_0048;RECIPE_0091
ETCHING;MACHINE_0061;RECIPE_0091
ETCHING;MACHINE_0092;RECIPE_0091
ETCHING;MACHINE_0065;RECIPE_0091
ETCHING;MACHINE_0066;RECIPE_0091
ETCHING;MACHINE_0098;RECIPE_0092
ETCHING;MACHINE_0069;RECIPE_0092
ETCHING;MACHINE_0059;RECIPE_0092
ETCHING;MACHINE_0066;RECIPE_0092
ETCHING;MACHINE_0095;RECIPE_0092
ETCHING;MACHINE_0082;RECIPE_0092
ETCHING;MACHINE_0097;RECIPE_0092
ETCHING;MACHINE_0065;RECIPE_0092
ETCHING;MACHINE_0089;RECIPE_0092
ETCHING;MACHINE_0071;RECIPE_0092
ETCHING;MACHINE_0087;RECIPE_0092
ETCHING;MACHINE_0055;RECIPE_0092
ETCHING;MACHINE_0083;RECIPE_0093
ETCHING;MACHINE_0047;RECIPE_0093
ETCHING;MACHINE_0071;RECIPE_0093
ETCHING;MACHINE_0046;RECIPE_0093
ETCHING;MACHINE_0092;RECIPE_0093
ETCHING;MACHINE_0073;RECIPE_0093
ETCHING;MACHINE_0060;RECIPE_0094
ETCHING;MACHINE_0055;RECIPE_0094
ETCHING;MACHINE_0076;RECIPE_0094
ETCHING;MACHINE_0041;RECIPE_0095
ETCHING;MACHINE_0059;RECIPE_0095
ETCHING;MACHINE_0045;RECIPE_0095
ETCHING;MACHINE_0100;RECIPE_0096
ETCHING;MACHINE_0054;RECIPE_0096
ETCHING;MACHINE_0057;RECIPE_0096
ETCHING;MACHINE_0048;RECIPE_0096
ETCHING;MACHINE_0070;RECIPE_0096
ETCHING;MACHINE_0059;RECIPE_0096
ETCHING;MACHINE_0078;RECIPE_0096
ETCHING;MACHINE_0074;RECIPE_0096
ETCHING;MACHINE_0067;RECIPE_0096
ETCHING;MACHINE_0061;RECIPE_0097
ETCHING;MACHINE_0087;RECIPE_0097
ETCHING;MACHINE_0091;RECIPE_0097
ETCHING;MACHINE_0070;RECIPE_0097
ETCHING;MACHINE_0072;RECIPE_0097
ETCHING;MACHINE_0082;RECIPE_0097
ETCHING;MACHINE_0063;RECIPE_0097
ETCHING;MACHINE_0095;RECIPE_0098
ETCHING;MACHINE_0062;RECIPE_0098
ETCHING;MACHINE_0043;RECIPE_0098
ETCHING;MACHINE_0061;RECIPE_0098
ETCHING;MACHINE_0100;RECIPE_0099
ETCHING;MACHINE_0077;RECIPE_0099
ETCHING;MACHINE_0056;RECIPE_0099
ETCHING;MACHINE_0099;RECIPE_0100
ETCHING;MACHINE_0053;RECIPE_0100
ETCHING;MACHINE_0098;RECIPE_0100
ETCHING;MACHINE_0041;RECIPE_0100
ETCHING;MACHINE_0074;RECIPE_0100
ETCHING;MACHINE_0100;RECIPE_0100
ETCHING;MACHINE_0096;RECIPE_0100
ETCHING;MACHINE_0092;RECIPE_0100
ETCHING;MACHINE_0058;RECIPE_0100
ETCHING;MACHINE_0086;RECIPE_0100
ETCHING;MACHINE_0056;RECIPE_0101
ETCHING;MACHINE_0055;RECIPE_0101
ETCHING;MACHINE_0050;RECIPE_0101
ETCHING;MACHINE_0100;RECIPE_0101
ETCHING;MACHINE_0097;RECIPE_0101
ETCHING;MACHINE_0087;RECIPE_0101
ETCHING;MACHINE_0080;RECIPE_0101
ETCHING;MACHINE_0061;RECIPE_0101
ETCHING;MACHINE_0083;RECIPE_0101
ETCHING;MACHINE_0058;RECIPE_0101
ETCHING;MACHINE_0095;RECIPE_0101
ETCHING;MACHINE_0062;RECIPE_0102
ETCHING;MACHINE_0052;RECIPE_0102
ETCHING;MACHINE_0058;RECIPE_0102
ETCHING;MACHINE_0095;RECIPE_0102
ETCHING;MACHINE_0099;RECIPE_0103
ETCHING;MACHINE_0090;RECIPE_0103
ETCHING;MACHINE_0091;RECIPE_0103
ETCHING;MACHINE_0069;RECIPE_0103
ETCHING;MACHINE_0072;RECIPE_0103
ETCHING;MACHINE_0088;RECIPE_0104
ETCHING;MACHINE_0099;RECIPE_0104
ETCHING;MACHINE_0075;RECIPE_0104
ETCHING;MACHINE_0049;RECIPE_0104
ETCHING;MACHINE_0063;RECIPE_0104
ETCHING;MACHINE_0083;RECIPE_0104
ETCHING;MACHINE_0048;RECIPE_0104
ETCHING;MACHINE_0049;RECIPE_0105
ETCHING;MACHINE_0060;RECIPE_0105
ETCHING;MACHINE_0066;RECIPE_0105
ETCHING;MACHINE_0085;RECIPE_0105
ETCHING;MACHINE_0051;RECIPE_0105
ETCHING;MACHINE_0089;RECIPE_0106
ETCHING;MACHINE_0100;RECIPE_0106
ETCHING;MACHINE_0044;RECIPE_0106
ETCHING;MACHINE_0058;RECIPE_0106
ETCHING;MACHINE_0097;RECIPE_0106
ETCHING;MACHINE_0099;RECIPE_0106
ETCHING;MACHINE_0061;RECIPE_0106
ETCHING;MACHINE_0087;RECIPE_0106
ETCHING;MACHINE_0090;RECIPE_0106
ETCHING;MACHINE_0081;RECIPE_0106
ETCHING;MACHINE_0083;RECIPE_0107
ETCHING;MACHINE_0084;RECIPE_0107
ETCHING;MACHINE_0050;RECIPE_0107
ETCHING;MACHINE_0099;RECIPE_0107
ETCHING;MACHINE_0071;RECIPE_0107
ETCHING;MACHINE_0091;RECIPE_0107
ETCHING;MACHINE_0074;RECIPE_0107
ETCHING;MACHINE_0044;RECIPE_0107
ETCHING;MACHINE_0076;RECIPE_0107
ETCHING;MACHINE_0063;RECIPE_0107
ETCHING;MACHINE_0094;RECIPE_0108
ETCHING;MACHINE_0074;RECIPE_0108
ETCHING;MACHINE_0057;RECIPE_0108
ETCHING;MACHINE_0084;RECIPE_0108
ETCHING;MACHINE_0081;RECIPE_0108
ETCHING;MACHINE_0049;RECIPE_0108
ETCHING;MACHINE_0042;RECIPE_0109
ETCHING;MACHINE_0070;RECIPE_0109
ETCHING;MACHINE_0083;RECIPE_0109
ETCHING;MACHINE_0074;RECIPE_0109
ETCHING;MACHINE_0069;RECIPE_0109
ETCHING;MACHINE_0064;RECIPE_0109
ETCHING;MACHINE_0077;RECIPE_0109
ETCHING;MACHINE_0041;RECIPE_0110
ETCHING;MACHINE_0071;RECIPE_0110
ETCHING;MACHINE_0045;RECIPE_0110
ETCHING;MACHINE_0067;RECIPE_0110
ETCHING;MACHINE_0090;RECIPE_0110
ETCHING;MACHINE_0099;RECIPE_0111
ETCHING;MACHINE_0098;RECIPE_0111
ETCHING;MACHINE_0073;RECIPE_0111
ETCHING;MACHINE_0080;RECIPE_0111
ETCHING;MACHINE_0088;RECIPE_0111
ETCHING;MACHINE_0062;RECIPE_0111
ETCHING;MACHINE_0045;RECIPE_0112
ETCHING;MACHINE_0053;RECIPE_0112
ETCHING;MACHINE_0059;RECIPE_0112
ETCHING;MACHINE_0073;RECIPE_0112
ETCHING;MACHINE_0060;RECIPE_0112
ETCHING;MACHINE_0065;RECIPE_0112
ETCHING;MACHINE_0076;RECIPE_0113
ETCHING;MACHINE_0100;RECIPE_0113
ETCHING;MACHINE_0078;RECIPE_0113
ETCHING;MACHINE_0077;RECIPE_0113
ETCHING;MACHINE_0072;RECIPE_0114
ETCHING;MACHINE_0061;RECIPE_0114
ETCHING;MACHINE_0100;RECIPE_0114
ETCHING;MACHINE_0056;RECIPE_0114
ETCHING;MACHINE_0089;RECIPE_0115
ETCHING;MACHINE_0065;RECIPE_0115
ETCHING;MACHINE_0048;RECIPE_0115
ETCHING;MACHINE_0056;RECIPE_0115
ETCHING;MACHINE_0099;RECIPE_0115
ETCHING;MACHINE_0043;RECIPE_0116
ETCHING;MACHINE_0068;RECIPE_0116
ETCHING;MACHINE_0094;RECIPE_0116
ETCHING;MACHINE_0052;RECIPE_0116
ETCHING;MACHINE_0067;RECIPE_0116
ETCHING;MACHINE_0054;RECIPE_0116
ETCHING;MACHINE_0065;RECIPE_0117
ETCHING;MACHINE_0063;RECIPE_0117
ETCHING;MACHINE_0059;RECIPE_0117
ETCHING;MACHINE_0062;RECIPE_0117
ETCHING;MACHINE_0048;RECIPE_0117
ETCHING;MACHINE_0074;RECIPE_0117
ETCHING;MACHINE_0045;RECIPE_0117
ETCHING;MACHINE_0050;RECIPE_0117
ETCHING;MACHINE_0057;RECIPE_0118
ETCHING;MACHINE_0070;RECIPE_0118
ETCHING;MACHINE_0046;RECIPE_0118
ETCHING;MACHINE_0067;RECIPE_0118
ETCHING;MACHINE_0061;RECIPE_0119
ETCHING;MACHINE_0095;RECIPE_0119
ETCHING;MACHINE_0088;RECIPE_0119
ETCHING;MACHINE_0066;RECIPE_0119
ETCHING;MACHINE_0057;RECIPE_0119
ETCHING;MACHINE_0055;RECIPE_0120
ETCHING;MACHINE_0051;RECIPE_0120
ETCHING;MACHINE_0099;RECIPE_0120
ETCHING;MACHINE_0046;RECIPE_0120
ETCHING;MACHINE_0065;RECIPE_0120
ETCHING;MACHINE_0041;RECIPE_0120
ETCHING;MACHINE_0050;RECIPE_0120
ETCHING;MACHINE_0059;RECIPE_0120
ETCHING;MACHINE_0046;RECIPE_0121
ETCHING;MACHINE_0053;RECIPE_0121
ETCHING;MACHINE_0065;RECIPE_0121
ETCHING;MACHINE_0088;RECIPE_0121
ETCHING;MACHINE_0051;RECIPE_0121
ETCHING;MACHINE_0078;RECIPE_0121
ETCHING;MACHINE_0090;RECIPE_0122
ETCHING;MACHINE_0069;RECIPE_0122
ETCHING;MACHINE_0073;RECIPE_0122
ETCHING;MACHINE_0055;RECIPE_0122
ETCHING;MACHINE_0091;RECIPE_0122
ETCHING;MACHINE_0089;RECIPE_0122
ETCHING;MACHINE_0049;RECIPE_0122
ETCHING;MACHINE_0093;RECIPE_0122
ETCHING;MACHINE_0098;RECIPE_0122
ETCHING;MACHINE_0072;RECIPE_0122
ETCHING;MACHINE_0097;RECIPE_0123
ETCHING;MACHINE_0064;RECIPE_0123
ETCHING;MACHINE_0100;RECIPE_0123
ETCHING;MACHINE_0041;RECIPE_0123
ETCHING;MACHINE_0077;RECIPE_0123
ETCHING;MACHINE_0079;RECIPE_0123
ETCHING;MACHINE_0049;RECIPE_0123
ETCHING;MACHINE_0046;RECIPE_0123
ETCHING;MACHINE_0074;RECIPE_0123
ETCHING;MACHINE_0080;RECIPE_0124
ETCHING;MACHINE_0058;RECIPE_0124
ETCHING;MACHINE_0068;RECIPE_0124
ETCHING;MACHINE_0046;RECIPE_0124
ETCHING;MACHINE_0084;RECIPE_0124
ETCHING;MACHINE_0095;RECIPE_0124
ETCHING;MACHINE_0093;RECIPE_0124
ETCHING;MACHINE_0053;RECIPE_0124
ETCHING;MACHINE_0054;RECIPE_0124
ETCHING;MACHINE_0073;RECIPE_0124
ETCHING;MACHINE_0083;RECIPE_0125
ETCHING;MACHINE_0073;RECIPE_0125
ETCHING;MACHINE_0061;RECIPE_0125
ETCHING;MACHINE_0088;RECIPE_0125
ETCHING;MACHINE_0044;RECIPE_0125
ETCHING;MACHINE_0058;RECIPE_0125
ETCHING;MACHINE_0091;RECIPE_0125
ETCHING;MACHINE_0068;RECIPE_0126
ETCHING;MACHINE_0092;RECIPE_0126
ETCHING;MACHINE_0100;RECIPE_0126
ETCHING;MACHINE_0089;RECIPE_0126
ETCHING;MACHINE_0094;RECIPE_0126
ETCHING;MACHINE_0069;RECIPE_0126
ETCHING;MACHINE_0060;RECIPE_0126
ETCHING;MACHINE_0090;RECIPE_0126
ETCHING;MACHINE_0064;RECIPE_0126
ETCHING;MACHINE_0065;RECIPE_0126
ETCHING;MACHINE_0070;RECIPE_0127
ETCHING;MACHINE_0056;RECIPE_0127
ETCHING;MACHINE_0063;RECIPE_0127
ETCHING;MACHINE_0046;RECIPE_0127
ETCHING;MACHINE_0053;RECIPE_0127
ETCHING;MACHINE_0094;RECIPE_0127
ETCHING;MACHINE_0100;RECIPE_0127
ETCHING;MACHINE_0050;RECIPE_0127
ETCHING;MACHINE_0076;RECIPE_0127
ETCHING;MACHINE_0049;RECIPE_0127
ETCHING;MACHINE_0088;RECIPE_0127
ETCHING;MACHINE_0080;RECIPE_0127
ETCHING;MACHINE_0080;RECIPE_0128
ETCHING;MACHINE_0072;RECIPE_0128
ETCHING;MACHINE_0071;RECIPE_0128
ETCHING;MACHINE_0083;RECIPE_0128
ETCHING;MACHINE_0095;RECIPE_0128
ETCHING;MACHINE_0094;RECIPE_0128
ETCHING;MACHINE_0073;RECIPE_0128
ETCHING;MACHINE_0057;RECIPE_0128
ETCHING;MACHINE_0082;RECIPE_0129
ETCHING;MACHINE_0043;RECIPE_0129
ETCHING;MACHINE_0051;RECIPE_0129
ETCHING;MACHINE_0045;RECIPE_0129
ETCHING;MACHINE_0084;RECIPE_0129
ETCHING;MACHINE_0087;RECIPE_0130
ETCHING;MACHINE_0049;RECIPE_0130
ETCHING;MACHINE_0057;RECIPE_0130
ETCHING;MACHINE_0060;RECIPE_0130
ETCHING;MACHINE_0089;RECIPE_0130
ETCHING;MACHINE_0054;RECIPE_0130
ETCHING;MACHINE_0086;RECIPE_0130
ETCHING;MACHINE_0061;RECIPE_0131
ETCHING;MACHINE_0067;RECIPE_0131
ETCHING;MACHINE_0083;RECIPE_0131
ETCHING;MACHINE_0068;RECIPE_0131
ETCHING;MACHINE_0042;RECIPE_0131
ETCHING;MACHINE_0060;RECIPE_0131
ETCHING;MACHINE_0088;RECIPE_0132
ETCHING;MACHINE_0060;RECIPE_0132
ETCHING;MACHINE_0063;RECIPE_0132
ETCHING;MACHINE_0056;RECIPE_0132
ETCHING;MACHINE_0085;RECIPE_0132
ETCHING;MACHINE_0078;RECIPE_0132
ETCHING;MACHINE_0043;RECIPE_0133
ETCHING;MACHINE_0067;RECIPE_0133
ETCHING;MACHINE_0095;RECIPE_0133
ETCHING;MACHINE_0091;RECIPE_0133
ETCHING;MACHINE_0060;RECIPE_0133
ETCHING;MACHINE_0077;RECIPE_0133
ETCHING;MACHINE_0046;RECIPE_0133
ETCHING;MACHINE_0082;RECIPE_0134
ETCHING;MACHINE_0072;RECIPE_0134
ETCHING;MACHINE_0042;RECIPE_0134
ETCHING;MACHINE_0073;RECIPE_0134
ETCHING;MACHINE_0072;RECIPE_0135
ETCHING;MACHINE_0054;RECIPE_0135
ETCHING;MACHINE_0080;RECIPE_0135
ETCHING;MACHINE_0084;RECIPE_0135
ETCHING;MACHINE_0070;RECIPE_0135
ETCHING;MACHINE_0099;RECIPE_0136
ETCHING;MACHINE_0068;RECIPE_0136
ETCHING;MACHINE_0051;RECIPE_0136
ETCHING;MACHINE_0062;RECIPE_0136
ETCHING;MACHINE_0081;RECIPE_0136
ETCHING;MACHINE_0065;RECIPE_0136
ETCHING;MACHINE_0098;RECIPE_0136
ETCHING;MACHINE_0100;RECIPE_0136
ETCHING;MACHINE_0091;RECIPE_0136
ETCHING;MACHINE_0059;RECIPE_0136
ETCHING;MACHINE_0083;RECIPE_0136
ETCHING;MACHINE_0054;RECIPE_0137
ETCHING;MACHINE_0098;RECIPE_0137
ETCHING;MACHINE_0050;RECIPE_0137
ETCHING;MACHINE_0060;RECIPE_0137
ETCHING;MACHINE_0066;RECIPE_0137
ETCHING;MACHINE_0057;RECIPE_0138
ETCHING;MACHINE_0053;RECIPE_0138
ETCHING;MACHINE_0088;RECIPE_0138
ETCHING;MACHINE_0061;RECIPE_0138
ETCHING;MACHINE_0079;RECIPE_0138
ETCHING;MACHINE_0075;RECIPE_0138
ETCHING;MACHINE_0050;RECIPE_0138
ETCHING;MACHINE_0086;RECIPE_0138
ETCHING;MACHINE_0055;RECIPE_0138
ETCHING;MACHINE_0062;RECIPE_0139
ETCHING;MACHINE_0045;RECIPE_0139
ETCHING;MACHINE_0076;RECIPE_0139
ETCHING;MACHINE_0070;RECIPE_0139
ETCHING;MACHINE_0074;RECIPE_0140
ETCHING;MACHINE_0045;RECIPE_0140
ETCHING;MACHINE_0076;RECIPE_0140
ETCHING;MACHINE_0062;RECIPE_0140
ETCHING;MACHINE_0080;RECIPE_0141
ETCHING;MACHINE_0045;RECIPE_0141
ETCHING;MACHINE_0098;RECIPE_0141
ETCHING;MACHINE_0066;RECIPE_0141
ETCHING;MACHINE_0054;RECIPE_0141
ETCHING;MACHINE_0076;RECIPE_0141
ETCHING;MACHINE_0093;RECIPE_0141
ETCHING;MACHINE_0041;RECIPE_0142
ETCHING;MACHINE_0088;RECIPE_0142
ETCHING;MACHINE_0095;RECIPE_0142
ETCHING;MACHINE_0064;RECIPE_0142
ETCHING;MACHINE_0096;RECIPE_0142
ETCHING;MACHINE_0055;RECIPE_0142
ETCHING;MACHINE_0076;RECIPE_0142
ETCHING;MACHINE_0070;RECIPE_0142
ETCHING;MACHINE_0081;RECIPE_0142
ETCHING;MACHINE_0045;RECIPE_0142
ETCHING;MACHINE_0077;RECIPE_0143
ETCHING;MACHINE_0062;RECIPE_0143
ETCHING;MACHINE_0083;RECIPE_0143
ETCHING;MACHINE_0074;RECIPE_0143
ETCHING;MACHINE_0073;RECIPE_0143
ETCHING;MACHINE_0086;RECIPE_0143
ETCHING;MACHINE_0089;RECIPE_0143
ETCHING;MACHINE_0090;RECIPE_0144
ETCHING;MACHINE_0077;RECIPE_0144
ETCHING;MACHINE_0069;RECIPE_0144
ETCHING;MACHINE_0051;RECIPE_0144
ETCHING;MACHINE_0099;RECIPE_0144
ETCHING;MACHINE_0079;RECIPE_0144
ETCHING;MACHINE_0055;RECIPE_0144
ETCHING;MACHINE_0042;RECIPE_0144
ETCHING;MACHINE_0071;RECIPE_0145
ETCHING;MACHINE_0053;RECIPE_0145
ETCHING;MACHINE_0080;RECIPE_0145
ETCHING;MACHINE_0063;RECIPE_0145
ETCHING;MACHINE_0085;RECIPE_0145
ETCHING;MACHINE_0056;RECIPE_0145
ETCHING;MACHINE_0081;RECIPE_0146
ETCHING;MACHINE_0062;RECIPE_0146
ETCHING;MACHINE_0093;RECIPE_0146
ETCHING;MACHINE_0078;RECIPE_0146
ETCHING;MACHINE_0095;RECIPE_0146
ETCHING;MACHINE_0097;RECIPE_0147
ETCHING;MACHINE_0090;RECIPE_0147
ETCHING;MACHINE_0054;RECIPE_0147
ETCHING;MACHINE_0098;RECIPE_0147
ETCHING;MACHINE_0088;RECIPE_0148
ETCHING;MACHINE_0087;RECIPE_0148
ETCHING;MACHINE_0061;RECIPE_0148
ETCHING;MACHINE_0096;RECIPE_0149
ETCHING;MACHINE_0097;RECIPE_0149
ETCHING;MACHINE_0068;RECIPE_0149
ETCHING;MACHINE_0088;RECIPE_0149
ETCHING;MACHINE_0061;RECIPE_0149
ETCHING;MACHINE_0093;RECIPE_0149
ETCHING;MACHINE_0076;RECIPE_0149
ETCHING;MACHINE_0075;RECIPE_0149
ETCHING;MACHINE_0091;RECIPE_0149
ETCHING;MACHINE_0078;RECIPE_0149
ETCHING;MACHINE_0075;RECIPE_0150
ETCHING;MACHINE_0088;RECIPE_0150
ETCHING;MACHINE_0068;RECIPE_0150
ETCHING;MACHINE_0065;RECIPE_0150
ETCHING;MACHINE_0047;RECIPE_0150
ETCHING;MACHINE_0053;RECIPE_0150
ETCHING;MACHINE_0044;RECIPE_0150
ETCHING;MACHINE_0100;RECIPE_0150
ETCHING;MACHINE_0074;RECIPE_0150
IMPLEMENTATION;MACHINE_0101;RECIPE_0151
IMPLEMENTATION;MACHINE_0110;RECIPE_0151
IMPLEMENTATION;MACHINE_0105;RECIPE_0151
IMPLEMENTATION;MACHINE_0128;RECIPE_0151
IMPLEMENTATION;MACHINE_0120;RECIPE_0151
IMPLEMENTATION;MACHINE_0119;RECIPE_0151
IMPLEMENTATION;MACHINE_0122;RECIPE_0151
IMPLEMENTATION;MACHINE_0123;RECIPE_0151
IMPLEMENTATION;MACHINE_0112;RECIPE_0151
IMPLEMENTATION;MACHINE_0113;RECIPE_0151
IMPLEMENTATION;MACHINE_0105;RECIPE_0152
IMPLEMENTATION;MACHINE_0128;RECIPE_0152
IMPLEMENTATION;MACHINE_0126;RECIPE_0152
IMPLEMENTATION;MACHINE_0114;RECIPE_0152
IMPLEMENTATION;MACHINE_0107;RECIPE_0152
IMPLEMENTATION;MACHINE_0120;RECIPE_0152
IMPLEMENTATION;MACHINE_0116;RECIPE_0152
IMPLEMENTATION;MACHINE_0112;RECIPE_0152
IMPLEMENTATION;MACHINE_0118;RECIPE_0152
IMPLEMENTATION;MACHINE_0109;RECIPE_0152
IMPLEMENTATION;MACHINE_0127;RECIPE_0152
IMPLEMENTATION;MACHINE_0104;RECIPE_0152
IMPLEMENTATION;MACHINE_0130;RECIPE_0153
IMPLEMENTATION;MACHINE_0128;RECIPE_0153
IMPLEMENTATION;MACHINE_0108;RECIPE_0153
IMPLEMENTATION;MACHINE_0118;RECIPE_0153
IMPLEMENTATION;MACHINE_0125;RECIPE_0153
IMPLEMENTATION;MACHINE_0113;RECIPE_0153
IMPLEMENTATION;MACHINE_0107;RECIPE_0153
IMPLEMENTATION;MACHINE_0126;RECIPE_0153
IMPLEMENTATION;MACHINE_0122;RECIPE_0153
IMPLEMENTATION;MACHINE_0111;RECIPE_0153
IMPLEMENTATION;MACHINE_0121;RECIPE_0153
IMPLEMENTATION;MACHINE_0129;RECIPE_0153
IMPLEMENTATION;MACHINE_0115;RECIPE_0154
IMPLEMENTATION;MACHINE_0128;RECIPE_0154
IMPLEMENTATION;MACHINE_0125;RECIPE_0154
IMPLEMENTATION;MACHINE_0104;RECIPE_0154
IMPLEMENTATION;MACHINE_0127;RECIPE_0154
IMPLEMENTATION;MACHINE_0105;RECIPE_0154
IMPLEMENTATION;MACHINE_0116;RECIPE_0154
IMPLEMENTATION;MACHINE_0101;RECIPE_0154
IMPLEMENTATION;MACHINE_0122;RECIPE_0154
IMPLEMENTATION;MACHINE_0103;RECIPE_0154
IMPLEMENTATION;MACHINE_0109;RECIPE_0155
IMPLEMENTATION;MACHINE_0123;RECIPE_0155
IMPLEMENTATION;MACHINE_0127;RECIPE_0155
IMPLEMENTATION;MACHINE_0122;RECIPE_0155
IMPLEMENTATION;MACHINE_0117;RECIPE_0155
IMPLEMENTATION;MACHINE_0111;RECIPE_0155
IMPLEMENTATION;MACHINE_0112;RECIPE_0155
IMPLEMENTATION;MACHINE_0115;RECIPE_0155
IMPLEMENTATION;MACHINE_0129;RECIPE_0155
IMPLEMENTATION;MACHINE_0126;RECIPE_0155
IMPLEMENTATION;MACHINE_0120;RECIPE_0155
IMPLEMENTATION;MACHINE_0125;RECIPE_0155
IMPLEMENTATION;MACHINE_0103;RECIPE_0156
IMPLEMENTATION;MACHINE_0118;RECIPE_0156
IMPLEMENTATION;MACHINE_0121;RECIPE_0156
IMPLEMENTATION;MACHINE_0108;RECIPE_0156
IMPLEMENTATION;MACHINE_0101;RECIPE_0156
IMPLEMENTATION;MACHINE_0112;RECIPE_0156
IMPLEMENTATION;MACHINE_0102;RECIPE_0156
IMPLEMENTATION;MACHINE_0125;RECIPE_0156
IMPLEMENTATION;MACHINE_0116;RECIPE_0157
IMPLEMENTATION;MACHINE_0102;RECIPE_0157
IMPLEMENTATION;MACHINE_0113;RECIPE_0157
IMPLEMENTATION;MACHINE_0114;RECIPE_0157
IMPLEMENTATION;MACHINE_0125;RECIPE_0157
IMPLEMENTATION;MACHINE_0105;RECIPE_0157
IMPLEMENTATION;MACHINE_0109;RECIPE_0157
IMPLEMENTATION;MACHINE_0123;RECIPE_0158
IMPLEMENTATION;MACHINE_0117;RECIPE_0158
IMPLEMENTATION;MACHINE_0124;RECIPE_0158
IMPLEMENTATION;MACHINE_0107;RECIPE_0158
IMPLEMENTATION;MACHINE_0115;RECIPE_0158
IMPLEMENTATION;MACHINE_0118;RECIPE_0158
IMPLEMENTATION;MACHINE_0113;RECIPE_0158
IMPLEMENTATION;MACHINE_0111;RECIPE_0158
IMPLEMENTATION;MACHINE_0105;RECIPE_0159
IMPLEMENTATION;MACHINE_0123;RECIPE_0159
IMPLEMENTATION;MACHINE_0111;RECIPE_0159
IMPLEMENTATION;MACHINE_0103;RECIPE_0159
IMPLEMENTATION;MACHINE_0120;RECIPE_0159
IMPLEMENTATION;MACHINE_0102;RECIPE_0160
IMPLEMENTATION;MACHINE_0126;RECIPE_0160
IMPLEMENTATION;MACHINE_0123;RECIPE_0160
IMPLEMENTATION;MACHINE_0105;RECIPE_0160
IMPLEMENTATION;MACHINE_0114;RECIPE_0160
IMPLEMENTATION;MACHINE_0106;RECIPE_0160
IMPLEMENTATION;MACHINE_0127;RECIPE_0160
IMPLEMENTATION;MACHINE_0116;RECIPE_0161
IMPLEMENTATION;MACHINE_0118;RECIPE_0161
IMPLEMENTATION;MACHINE_0126;RECIPE_0161
IMPLEMENTATION;MACHINE_0129;RECIPE_0161
IMPLEMENTATION;MACHINE_0106;RECIPE_0161
IMPLEMENTATION;MACHINE_0101;RECIPE_0161
IMPLEMENTATION;MACHINE_0110;RECIPE_0161
IMPLEMENTATION;MACHINE_0105;RECIPE_0161
IMPLEMENTATION;MACHINE_0129;RECIPE_0162
IMPLEMENTATION;MACHINE_0110;RECIPE_0162
IMPLEMENTATION;MACHINE_0102;RECIPE_0162
IMPLEMENTATION;MACHINE_0107;RECIPE_0162
IMPLEMENTATION;MACHINE_0127;RECIPE_0162
IMPLEMENTATION;MACHINE_0122;RECIPE_0162
IMPLEMENTATION;MACHINE_0124;RECIPE_0163
IMPLEMENTATION;MACHINE_0109;RECIPE_0163
IMPLEMENTATION;MACHINE_0121;RECIPE_0163
IMPLEMENTATION;MACHINE_0117;RECIPE_0163
IMPLEMENTATION;MACHINE_0120;RECIPE_0163
IMPLEMENTATION;MACHINE_0127;RECIPE_0163
IMPLEMENTATION;MACHINE_0129;RECIPE_0163
IMPLEMENTATION;MACHINE_0106;RECIPE_0163
IMPLEMENTATION;MACHINE_0120;RECIPE_0164
IMPLEMENTATION;MACHINE_0104;RECIPE_0164
IMPLEMENTATION;MACHINE_0122;RECIPE_0164
IMPLEMENTATION;MACHINE_0129;RECIPE_0164
IMPLEMENTATION;MACHINE_0121;RECIPE_0164
IMPLEMENTATION;MACHINE_0118;RECIPE_0164
IMPLEMENTATION;MACHINE_0105;RECIPE_0164
IMPLEMENTATION;MACHINE_0103;RECIPE_0164
IMPLEMENTATION;MACHINE_0127;RECIPE_0164
IMPLEMENTATION;MACHINE_0110;RECIPE_0164
IMPLEMENTATION;MACHINE_0113;RECIPE_0165
IMPLEMENTATION;MACHINE_0118;RECIPE_0165
IMPLEMENTATION;MACHINE_0108;RECIPE_0165
IMPLEMENTATION;MACHINE_0116;RECIPE_0165
IMPLEMENTATION;MACHINE_0111;RECIPE_0165
IMPLEMENTATION;MACHINE_0105;RECIPE_0165
IMPLEMENTATION;MACHINE_0104;RECIPE_0165
IMPLEMENTATION;MACHINE_0105;RECIPE_0166
IMPLEMENTATION;MACHINE_0122;RECIPE_0166
IMPLEMENTATION;MACHINE_0114;RECIPE_0166
IMPLEMENTATION;MACHINE_0103;RECIPE_0166
IMPLEMENTATION;MACHINE_0119;RECIPE_0166
IMPLEMENTATION;MACHINE_0101;RECIPE_0166
IMPLEMENTATION;MACHINE_0109;RECIPE_0166
IMPLEMENTATION;MACHINE_0125;RECIPE_0166
IMPLEMENTATION;MACHINE_0110;RECIPE_0167
IMPLEMENTATION;MACHINE_0114;RECIPE_0167
IMPLEMENTATION;MACHINE_0117;RECIPE_0167
IMPLEMENTATION;MACHINE_0124;RECIPE_0167
IMPLEMENTATION;MACHINE_0112;RECIPE_0167
IMPLEMENTATION;MACHINE_0109;RECIPE_0167
IMPLEMENTATION;MACHINE_0107;RECIPE_0167
IMPLEMENTATION;MACHINE_0119;RECIPE_0167
IMPLEMENTATION;MACHINE_0127;RECIPE_0167
IMPLEMENTATION;MACHINE_0129;RECIPE_0168
IMPLEMENTATION;MACHINE_0116;RECIPE_0168
IMPLEMENTATION;MACHINE_0109;RECIPE_0168
IMPLEMENTATION;MACHINE_0127;RECIPE_0168
IMPLEMENTATION;MACHINE_0108;RECIPE_0168
IMPLEMENTATION;MACHINE_0111;RECIPE_0168
IMPLEMENTATION;MACHINE_0112;RECIPE_0169
IMPLEMENTATION;MACHINE_0123;RECIPE_0169
IMPLEMENTATION;MACHINE_0104;RECIPE_0169
IMPLEMENTATION;MACHINE_0103;RECIPE_0169
IMPLEMENTATION;MACHINE_0111;RECIPE_0169
IMPLEMENTATION;MACHINE_0116;RECIPE_0169
IMPLEMENTATION;MACHINE_0118;RECIPE_0169
IMPLEMENTATION;MACHINE_0108;RECIPE_0169
IMPLEMENTATION;MACHINE_0102;RECIPE_0169
IMPLEMENTATION;MACHINE_0128;RECIPE_0169
IMPLEMENTATION;MACHINE_0109;RECIPE_0169
IMPLEMENTATION;MACHINE_0105;RECIPE_0169
IMPLEMENTATION;MACHINE_0125;RECIPE_0170
IMPLEMENTATION;MACHINE_0128;RECIPE_0170
IMPLEMENTATION;MACHINE_0116;RECIPE_0170
IMPLEMENTATION;MACHINE_0110;RECIPE_0170
IMPLEMENTATION;MACHINE_0117;RECIPE_0170
IMPLEMENTATION;MACHINE_0130;RECIPE_0170
IMPLEMENTATION;MACHINE_0107;RECIPE_0170
IMPLEMENTATION;MACHINE_0120;RECIPE_0170
IMPLEMENTATION;MACHINE_0119;RECIPE_0171
IMPLEMENTATION;MACHINE_0118;RECIPE_0171
IMPLEMENTATION;MACHINE_0125;RECIPE_0171
IMPLEMENTATION;MACHINE_0127;RECIPE_0171
IMPLEMENTATION;MACHINE_0116;RECIPE_0171
IMPLEMENTATION;MACHINE_0108;RECIPE_0171
IMPLEMENTATION;MACHINE_0122;RECIPE_0171
IMPLEMENTATION;MACHINE_0101;RECIPE_0171
IMPLEMENTATION;MACHINE_0124;RECIPE_0171
IMPLEMENTATION;MACHINE_0117;RECIPE_0171
IMPLEMENTATION;MACHINE_0120;RECIPE_0172
IMPLEMENTATION;MACHINE_0111;RECIPE_0172
IMPLEMENTATION;MACHINE_0125;RECIPE_0172
IMPLEMENTATION;MACHINE_0114;RECIPE_0172
IMPLEMENTATION;MACHINE_0102;RECIPE_0172
IMPLEMENTATION;MACHINE_0126;RECIPE_0172
IMPLEMENTATION;MACHINE_0107;RECIPE_0172
IMPLEMENTATION;MACHINE_0118;RECIPE_0172
IMPLEMENTATION;MACHINE_0115;RECIPE_0172
IMPLEMENTATION;MACHINE_0108;RECIPE_0172
IMPLEMENTATION;MACHINE_0109;RECIPE_0172
IMPLEMENTATION;MACHINE_0124;RECIPE_0172
IMPLEMENTATION;MACHINE_0106;RECIPE_0172
IMPLEMENTATION;MACHINE_0127;RECIPE_0172
IMPLEMENTATION;MACHINE_0128;RECIPE_0172
IMPLEMENTATION;MACHINE_0101;RECIPE_0172
IMPLEMENTATION;MACHINE_0117;RECIPE_0173
IMPLEMENTATION;MACHINE_0115;RECIPE_0173
IMPLEMENTATION;MACHINE_0128;RECIPE_0173
IMPLEMENTATION;MACHINE_0119;RECIPE_0173
IMPLEMENTATION;MACHINE_0130;RECIPE_0173
IMPLEMENTATION;MACHINE_0129;RECIPE_0173
IMPLEMENTATION;MACHINE_0106;RECIPE_0173
IMPLEMENTATION;MACHINE_0110;RECIPE_0173
IMPLEMENTATION;MACHINE_0123;RECIPE_0173
IMPLEMENTATION;MACHINE_0114;RECIPE_0174
IMPLEMENTATION;MACHINE_0105;RECIPE_0174
IMPLEMENTATION;MACHINE_0129;RECIPE_0174
IMPLEMENTATION;MACHINE_0128;RECIPE_0174
IMPLEMENTATION;MACHINE_0109;RECIPE_0174
IMPLEMENTATION;MACHINE_0112;RECIPE_0174
IMPLEMENTATION;MACHINE_0107;RECIPE_0175
IMPLEMENTATION;MACHINE_0108;RECIPE_0175
IMPLEMENTATION;MACHINE_0123;RECIPE_0175
IMPLEMENTATION;MACHINE_0110;RECIPE_0175
IMPLEMENTATION;MACHINE_0116;RECIPE_0175
IMPLEMENTATION;MACHINE_0128;RECIPE_0175
IMPLEMENTATION;MACHINE_0118;RECIPE_0175
IMPLEMENTATION;MACHINE_0109;RECIPE_0175
IMPLEMENTATION;MACHINE_0117;RECIPE_0175
IMPLEMENTATION;MACHINE_0120;RECIPE_0175
IMPLEMENTATION;MACHINE_0130;RECIPE_0175
IMPLEMENTATION;MACHINE_0106;RECIPE_0176
IMPLEMENTATION;MACHINE_0103;RECIPE_0176
IMPLEMENTATION;MACHINE_0118;RECIPE_0176
IMPLEMENTATION;MACHINE_0127;RECIPE_0176
IMPLEMENTATION;MACHINE_0122;RECIPE_0176
IMPLEMENTATION;MACHINE_0124;RECIPE_0176
IMPLEMENTATION;MACHINE_0115;RECIPE_0176
IMPLEMENTATION;MACHINE_0101;RECIPE_0176
IMPLEMENTATION;MACHINE_0109;RECIPE_0177
IMPLEMENTATION;MACHINE_0111;RECIPE_0177
IMPLEMENTATION;MACHINE_0105;RECIPE_0177
IMPLEMENTATION;MACHINE_0129;RECIPE_0177
IMPLEMENTATION;MACHINE_0118;RECIPE_0177
IMPLEMENTATION;MACHINE_0112;RECIPE_0177
IMPLEMENTATION;MACHINE_0123;RECIPE_0177
IMPLEMENTATION;MACHINE_0108;RECIPE_0177
IMPLEMENTATION;MACHINE_0122;RECIPE_0177
IMPLEMENTATION;MACHINE_0120;RECIPE_0177
IMPLEMENTATION;MACHINE_0126;RECIPE_0177
IMPLEMENTATION;MACHINE_0104;RECIPE_0177
IMPLEMENTATION;MACHINE_0107;RECIPE_0177
IMPLEMENTATION;MACHINE_0106;RECIPE_0177
IMPLEMENTATION;MACHINE_0105;RECIPE_0178
IMPLEMENTATION;MACHINE_0110;RECIPE_0178
IMPLEMENTATION;MACHINE_0102;RECIPE_0178
IMPLEMENTATION;MACHINE_0115;RECIPE_0178
IMPLEMENTATION;MACHINE_0116;RECIPE_0178
IMPLEMENTATION;MACHINE_0101;RECIPE_0178
IMPLEMENTATION;MACHINE_0126;RECIPE_0178
IMPLEMENTATION;MACHINE_0122;RECIPE_0178
IMPLEMENTATION;MACHINE_0128;RECIPE_0178
IMPLEMENTATION;MACHINE_0106;RECIPE_0178
IMPLEMENTATION;MACHINE_0119;RECIPE_0179
IMPLEMENTATION;MACHINE_0106;RECIPE_0179
IMPLEMENTATION;MACHINE_0128;RECIPE_0179
IMPLEMENTATION;MACHINE_0103;RECIPE_0179
IMPLEMENTATION;MACHINE_0116;RECIPE_0179
IMPLEMENTATION;MACHINE_0101;RECIPE_0179
IMPLEMENTATION;MACHINE_0102;RECIPE_0179
IMPLEMENTATION;MACHINE_0118;RECIPE_0179
IMPLEMENTATION;MACHINE_0124;RECIPE_0179
IMPLEMENTATION;MACHINE_0129;RECIPE_0179
IMPLEMENTATION;MACHINE_0115;RECIPE_0179
IMPLEMENTATION;MACHINE_0120;RECIPE_0180
IMPLEMENTATION;MACHINE_0126;RECIPE_0180
IMPLEMENTATION;MACHINE_0113;RECIPE_0180
IMPLEMENTATION;MACHINE_0118;RECIPE_0180
IMPLEMENTATION;MACHINE_0119;RECIPE_0180
IMPLEMENTATION;MACHINE_0109;RECIPE_0180
IMPLEMENTATION;MACHINE_0122;RECIPE_0180
IMPLEMENTATION;MACHINE_0105;RECIPE_0180
IMPLEMENTATION;MACHINE_0125;RECIPE_0180
IMPLEMENTATION;MACHINE_0111;RECIPE_0180
IMPLEMENTATION;MACHINE_0115;RECIPE_0180
IMPLEMENTATION;MACHINE_0123;RECIPE_0180
IMPLEMENTATION;MACHINE_0101;RECIPE_0181
IMPLEMENTATION;MACHINE_0102;RECIPE_0181
IMPLEMENTATION;MACHINE_0115;RECIPE_0181
IMPLEMENTATION;MACHINE_0114;RECIPE_0181
IMPLEMENTATION;MACHINE_0106;RECIPE_0181
IMPLEMENTATION;MACHINE_0117;RECIPE_0181
IMPLEMENTATION;MACHINE_0124;RECIPE_0181
IMPLEMENTATION;MACHINE_0112;RECIPE_0182
IMPLEMENTATION;MACHINE_0107;RECIPE_0182
IMPLEMENTATION;MACHINE_0120;RECIPE_0182
IMPLEMENTATION;MACHINE_0108;RECIPE_0182
IMPLEMENTATION;MACHINE_0113;RECIPE_0182
IMPLEMENTATION;MACHINE_0104;RECIPE_0182
IMPLEMENTATION;MACHINE_0114;RECIPE_0182
IMPLEMENTATION;MACHINE_0128;RECIPE_0182
IMPLEMENTATION;MACHINE_0101;RECIPE_0182
IMPLEMENTATION;MACHINE_0111;RECIPE_0182
IMPLEMENTATION;MACHINE_0117;RECIPE_0182
IMPLEMENTATION;MACHINE_0123;RECIPE_0183
IMPLEMENTATION;MACHINE_0118;RECIPE_0183
IMPLEMENTATION;MACHINE_0107;RECIPE_0183
IMPLEMENTATION;MACHINE_0106;RECIPE_0183
IMPLEMENTATION;MACHINE_0130;RECIPE_0183
IMPLEMENTATION;MACHINE_0119;RECIPE_0183
IMPLEMENTATION;MACHINE_0115;RECIPE_0184
IMPLEMENTATION;MACHINE_0101;RECIPE_0184
IMPLEMENTATION;MACHINE_0119;RECIPE_0184
IMPLEMENTATION;MACHINE_0102;RECIPE_0184
IMPLEMENTATION;MACHINE_0125;RECIPE_0184
IMPLEMENTATION;MACHINE_0111;RECIPE_0184
IMPLEMENTATION;MACHINE_0107;RECIPE_0184
IMPLEMENTATION;MACHINE_0110;RECIPE_0184
IMPLEMENTATION;MACHINE_0122;RECIPE_0184
IMPLEMENTATION;MACHINE_0128;RECIPE_0184
IMPLEMENTATION;MACHINE_0109;RECIPE_0184
IMPLEMENTATION;MACHINE_0106;RECIPE_0184
IMPLEMENTATION;MACHINE_0121;RECIPE_0184
IMPLEMENTATION;MACHINE_0130;RECIPE_0185
IMPLEMENTATION;MACHINE_0121;RECIPE_0185
IMPLEMENTATION;MACHINE_0108;RECIPE_0185
IMPLEMENTATION;MACHINE_0122;RECIPE_0185
IMPLEMENTATION;MACHINE_0113;RECIPE_0185
IMPLEMENTATION;MACHINE_0129;RECIPE_0185
IMPLEMENTATION;MACHINE_0123;RECIPE_0185
IMPLEMENTATION;MACHINE_0119;RECIPE_0185
IMPLEMENTATION;MACHINE_0107;RECIPE_0185
IMPLEMENTATION;MACHINE_0111;RECIPE_0185
IMPLEMENTATION;MACHINE_0114;RECIPE_0185
IMPLEMENTATION;MACHINE_0101;RECIPE_0185
IMPLEMENTATION;MACHINE_0110;RECIPE_0185
IMPLEMENTATION;MACHINE_0120;RECIPE_0185
IMPLEMENTATION;MACHINE_0130;RECIPE_0186
IMPLEMENTATION;MACHINE_0103;RECIPE_0186
IMPLEMENTATION;MACHINE_0119;RECIPE_0186
IMPLEMENTATION;MACHINE_0124;RECIPE_0186
IMPLEMENTATION;MACHINE_0117;RECIPE_0186
IMPLEMENTATION;MACHINE_0126;RECIPE_0186
IMPLEMENTATION;MACHINE_0125;RECIPE_0186
IMPLEMENTATION;MACHINE_0114;RECIPE_0186
IMPLEMENTATION;MACHINE_0106;RECIPE_0186
IMPLEMENTATION;MACHINE_0130;RECIPE_0187
IMPLEMENTATION;MACHINE_0111;RECIPE_0187
IMPLEMENTATION;MACHINE_0124;RECIPE_0187
IMPLEMENTATION;MACHINE_0119;RECIPE_0187
IMPLEMENTATION;MACHINE_0116;RECIPE_0187
IMPLEMENTATION;MACHINE_0123;RECIPE_0187
IMPLEMENTATION;MACHINE_0102;RECIPE_0187
IMPLEMENTATION;MACHINE_0103;RECIPE_0187
IMPLEMENTATION;MACHINE_0105;RECIPE_0187
IMPLEMENTATION;MACHINE_0112;RECIPE_0187
IMPLEMENTATION;MACHINE_0117;RECIPE_0187
IMPLEMENTATION;MACHINE_0112;RECIPE_0188
IMPLEMENTATION;MACHINE_0116;RECIPE_0188
IMPLEMENTATION;MACHINE_0122;RECIPE_0188
IMPLEMENTATION;MACHINE_0118;RECIPE_0188
IMPLEMENTATION;MACHINE_0123;RECIPE_0188
IMPLEMENTATION;MACHINE_0105;RECIPE_0188
IMPLEMENTATION;MACHINE_0108;RECIPE_0188
IMPLEMENTATION;MACHINE_0127;RECIPE_0188
IMPLEMENTATION;MACHINE_0109;RECIPE_0188
IMPLEMENTATION;MACHINE_0125;RECIPE_0188
IMPLEMENTATION;MACHINE_0113;RECIPE_0188
IMPLEMENTATION;MACHINE_0126;RECIPE_0188
IMPLEMENTATION;MACHINE_0126;RECIPE_0189
IMPLEMENTATION;MACHINE_0128;RECIPE_0189
IMPLEMENTATION;MACHINE_0117;RECIPE_0189
IMPLEMENTATION;MACHINE_0130;RECIPE_0189
IMPLEMENTATION;MACHINE_0109;RECIPE_0189
IMPLEMENTATION;MACHINE_0119;RECIPE_0189
IMPLEMENTATION;MACHINE_0110;RECIPE_0189
IMPLEMENTATION;MACHINE_0102;RECIPE_0189
IMPLEMENTATION;MACHINE_0106;RECIPE_0189
IMPLEMENTATION;MACHINE_0108;RECIPE_0189
IMPLEMENTATION;MACHINE_0112;RECIPE_0190
IMPLEMENTATION;MACHINE_0120;RECIPE_0190
IMPLEMENTATION;MACHINE_0122;RECIPE_0190
IMPLEMENTATION;MACHINE_0116;RECIPE_0190
IMPLEMENTATION;MACHINE_0102;RECIPE_0190
IMPLEMENTATION;MACHINE_0107;RECIPE_0190
IMPLEMENTATION;MACHINE_0124;RECIPE_0190
IMPLEMENTATION;MACHINE_0121;RECIPE_0190
IMPLEMENTATION;MACHINE_0109;RECIPE_0190
IMPLEMENTATION;MACHINE_0117;RECIPE_0191
IMPLEMENTATION;MACHINE_0107;RECIPE_0191
IMPLEMENTATION;MACHINE_0115;RECIPE_0191
IMPLEMENTATION;MACHINE_0102;RECIPE_0191
IMPLEMENTATION;MACHINE_0121;RECIPE_0191
IMPLEMENTATION;MACHINE_0116;RECIPE_0191
IMPLEMENTATION;MACHINE_0107;RECIPE_0192
IMPLEMENTATION;MACHINE_0118;RECIPE_0192
IMPLEMENTATION;MACHINE_0120;RECIPE_0192
IMPLEMENTATION;MACHINE_0127;RECIPE_0192
IMPLEMENTATION;MACHINE_0101;RECIPE_0192
IMPLEMENTATION;MACHINE_0112;RECIPE_0192
IMPLEMENTATION;MACHINE_0121;RECIPE_0192
IMPLEMENTATION;MACHINE_0125;RECIPE_0192
IMPLEMENTATION;MACHINE_0122;RECIPE_0192
IMPLEMENTATION;MACHINE_0116;RECIPE_0193
IMPLEMENTATION;MACHINE_0108;RECIPE_0193
IMPLEMENTATION;MACHINE_0115;RECIPE_0193
IMPLEMENTATION;MACHINE_0118;RECIPE_0193
IMPLEMENTATION;MACHINE_0106;RECIPE_0193
IMPLEMENTATION;MACHINE_0103;RECIPE_0193
IMPLEMENTATION;MACHINE_0129;RECIPE_0193
IMPLEMENTATION;MACHINE_0124;RECIPE_0193
IMPLEMENTATION;MACHINE_0102;RECIPE_0194
IMPLEMENTATION;MACHINE_0121;RECIPE_0194
IMPLEMENTATION;MACHINE_0112;RECIPE_0194
IMPLEMENTATION;MACHINE_0115;RECIPE_0194
IMPLEMENTATION;MACHINE_0124;RECIPE_0194
IMPLEMENTATION;MACHINE_0130;RECIPE_0194
IMPLEMENTATION;MACHINE_0126;RECIPE_0194
IMPLEMENTATION;MACHINE_0103;RECIPE_0195
IMPLEMENTATION;MACHINE_0106;RECIPE_0195
IMPLEMENTATION;MACHINE_0128;RECIPE_0195
IMPLEMENTATION;MACHINE_0127;RECIPE_0195
IMPLEMENTATION;MACHINE_0107;RECIPE_0195
IMPLEMENTATION;MACHINE_0130;RECIPE_0195
IMPLEMENTATION;MACHINE_0110;RECIPE_0195
IMPLEMENTATION;MACHINE_0105;RECIPE_0195
IMPLEMENTATION;MACHINE_0116;RECIPE_0195
IMPLEMENTATION;MACHINE_0102;RECIPE_0195
IMPLEMENTATION;MACHINE_0129;RECIPE_0195
IMPLEMENTATION;MACHINE_0109;RECIPE_0195
IMPLEMENTATION;MACHINE_0117;RECIPE_0196
IMPLEMENTATION;MACHINE_0102;RECIPE_0196
IMPLEMENTATION;MACHINE_0116;RECIPE_0196
IMPLEMENTATION;MACHINE_0103;RECIPE_0196
IMPLEMENTATION;MACHINE_0129;RECIPE_0196
IMPLEMENTATION;MACHINE_0114;RECIPE_0196
IMPLEMENTATION;MACHINE_0127;RECIPE_0196
IMPLEMENTATION;MACHINE_0121;RECIPE_0196
IMPLEMENTATION;MACHINE_0120;RECIPE_0196
IMPLEMENTATION;MACHINE_0106;RECIPE_0196
IMPLEMENTATION;MACHINE_0125;RECIPE_0196
IMPLEMENTATION;MACHINE_0107;RECIPE_0197
IMPLEMENTATION;MACHINE_0105;RECIPE_0197
IMPLEMENTATION;MACHINE_0113;RECIPE_0197
IMPLEMENTATION;MACHINE_0117;RECIPE_0197
IMPLEMENTATION;MACHINE_0116;RECIPE_0197
IMPLEMENTATION;MACHINE_0122;RECIPE_0197
IMPLEMENTATION;MACHINE_0125;RECIPE_0197
IMPLEMENTATION;MACHINE_0111;RECIPE_0197
IMPLEMENTATION;MACHINE_0101;RECIPE_0197
IMPLEMENTATION;MACHINE_0104;RECIPE_0198
IMPLEMENTATION;MACHINE_0112;RECIPE_0198
IMPLEMENTATION;MACHINE_0130;RECIPE_0198
IMPLEMENTATION;MACHINE_0111;RECIPE_0198
IMPLEMENTATION;MACHINE_0121;RECIPE_0198
IMPLEMENTATION;MACHINE_0117;RECIPE_0198
IMPLEMENTATION;MACHINE_0102;RECIPE_0198
IMPLEMENTATION;MACHINE_0113;RECIPE_0198
IMPLEMENTATION;MACHINE_0126;RECIPE_0198
IMPLEMENTATION;MACHINE_0122;RECIPE_0198
IMPLEMENTATION;MACHINE_0107;RECIPE_0199
IMPLEMENTATION;MACHINE_0128;RECIPE_0199
IMPLEMENTATION;MACHINE_0109;RECIPE_0199
IMPLEMENTATION;MACHINE_0106;RECIPE_0199
IMPLEMENTATION;MACHINE_0114;RECIPE_0199
IMPLEMENTATION;MACHINE_0112;RECIPE_0199
IMPLEMENTATION;MACHINE_0124;RECIPE_0199
IMPLEMENTATION;MACHINE_0111;RECIPE_0199
IMPLEMENTATION;MACHINE_0123;RECIPE_0200
IMPLEMENTATION;MACHINE_0114;RECIPE_0200
IMPLEMENTATION;MACHINE_0119;RECIPE_0200
IMPLEMENTATION;MACHINE_0102;RECIPE_0200
IMPLEMENTATION;MACHINE_0107;RECIPE_0200
IMPLEMENTATION;MACHINE_0106;RECIPE_0200
IMPLEMENTATION;MACHINE_0116;RECIPE_0200
IMPLEMENTATION;MACHINE_0113;RECIPE_0200
IMPLEMENTATION;MACHINE_0108;RECIPE_0200
IMPLEMENTATION;MACHINE_0122;RECIPE_0201
IMPLEMENTATION;MACHINE_0130;RECIPE_0201
IMPLEMENTATION;MACHINE_0125;RECIPE_0201
IMPLEMENTATION;MACHINE_0113;RECIPE_0201
IMPLEMENTATION;MACHINE_0119;RECIPE_0201
IMPLEMENTATION;MACHINE_0111;RECIPE_0201
IMPLEMENTATION;MACHINE_0117;RECIPE_0201
IMPLEMENTATION;MACHINE_0121;RECIPE_0201
IMPLEMENTATION;MACHINE_0112;RECIPE_0201
IMPLEMENTATION;MACHINE_0127;RECIPE_0201
IMPLEMENTATION;MACHINE_0110;RECIPE_0201
IMPLEMENTATION;MACHINE_0118;RECIPE_0201
IMPLEMENTATION;MACHINE_0130;RECIPE_0202
IMPLEMENTATION;MACHINE_0122;RECIPE_0202
IMPLEMENTATION;MACHINE_0129;RECIPE_0202
IMPLEMENTATION;MACHINE_0119;RECIPE_0202
IMPLEMENTATION;MACHINE_0114;RECIPE_0202
IMPLEMENTATION;MACHINE_0115;RECIPE_0202
IMPLEMENTATION;MACHINE_0103;RECIPE_0202
IMPLEMENTATION;MACHINE_0109;RECIPE_0203
IMPLEMENTATION;MACHINE_0116;RECIPE_0203
IMPLEMENTATION;MACHINE_0112;RECIPE_0203
IMPLEMENTATION;MACHINE_0128;RECIPE_0203
IMPLEMENTATION;MACHINE_0119;RECIPE_0203
IMPLEMENTATION;MACHINE_0106;RECIPE_0203
IMPLEMENTATION;MACHINE_0107;RECIPE_0203
IMPLEMENTATION;MACHINE_0126;RECIPE_0203
IMPLEMENTATION;MACHINE_0114;RECIPE_0203
IMPLEMENTATION;MACHINE_0111;RECIPE_0203
IMPLEMENTATION;MACHINE_0119;RECIPE_0204
IMPLEMENTATION;MACHINE_0117;RECIPE_0204
IMPLEMENTATION;MACHINE_0112;RECIPE_0204
IMPLEMENTATION;MACHINE_0121;RECIPE_0204
IMPLEMENTATION;MACHINE_0122;RECIPE_0204
IMPLEMENTATION;MACHINE_0104;RECIPE_0204
IMPLEMENTATION;MACHINE_0113;RECIPE_0204
IMPLEMENTATION;MACHINE_0130;RECIPE_0204
IMPLEMENTATION;MACHINE_0125;RECIPE_0204
IMPLEMENTATION;MACHINE_0107;RECIPE_0204
IMPLEMENTATION;MACHINE_0104;RECIPE_0205
IMPLEMENTATION;MACHINE_0112;RECIPE_0205
IMPLEMENTATION;MACHINE_0107;RECIPE_0205
IMPLEMENTATION;MACHINE_0124;RECIPE_0205
IMPLEMENTATION;MACHINE_0130;RECIPE_0205
IMPLEMENTATION;MACHINE_0108;RECIPE_0205
IMPLEMENTATION;MACHINE_0125;RECIPE_0205
IMPLEMENTATION;MACHINE_0109;RECIPE_0206
IMPLEMENTATION;MACHINE_0129;RECIPE_0206
IMPLEMENTATION;MACHINE_0125;RECIPE_0206
IMPLEMENTATION;MACHINE_0130;RECIPE_0206
IMPLEMENTATION;MACHINE_0119;RECIPE_0206
IMPLEMENTATION;MACHINE_0107;RECIPE_0207
IMPLEMENTATION;MACHINE_0112;RECIPE_0207
IMPLEMENTATION;MACHINE_0121;RECIPE_0207
IMPLEMENTATION;MACHINE_0117;RECIPE_0207
IMPLEMENTATION;MACHINE_0105;RECIPE_0207
IMPLEMENTATION;MACHINE_0106;RECIPE_0208
IMPLEMENTATION;MACHINE_0102;RECIPE_0208
IMPLEMENTATION;MACHINE_0118;RECIPE_0208
IMPLEMENTATION;MACHINE_0128;RECIPE_0208
IMPLEMENTATION;MACHINE_0127;RECIPE_0208
IMPLEMENTATION;MACHINE_0107;RECIPE_0208
IMPLEMENTATION;MACHINE_0120;RECIPE_0208
IMPLEMENTATION;MACHINE_0130;RECIPE_0208
IMPLEMENTATION;MACHINE_0111;RECIPE_0208
IMPLEMENTATION;MACHINE_0103;RECIPE_0208
IMPLEMENTATION;MACHINE_0119;RECIPE_0208
IMPLEMENTATION;MACHINE_0112;RECIPE_0208
IMPLEMENTATION;MACHINE_0123;RECIPE_0209
IMPLEMENTATION;MACHINE_0116;RECIPE_0209
IMPLEMENTATION;MACHINE_0120;RECIPE_0209
IMPLEMENTATION;MACHINE_0106;RECIPE_0209
IMPLEMENTATION;MACHINE_0110;RECIPE_0209
IMPLEMENTATION;MACHINE_0107;RECIPE_0209
IMPLEMENTATION;MACHINE_0111;RECIPE_0209
IMPLEMENTATION;MACHINE_0115;RECIPE_0209
IMPLEMENTATION;MACHINE_0117;RECIPE_0209
IMPLEMENTATION;MACHINE_0113;RECIPE_0209
IMPLEMENTATION;MACHINE_0103;RECIPE_0210
IMPLEMENTATION;MACHINE_0129;RECIPE_0210
IMPLEMENTATION;MACHINE_0115;RECIPE_0210
IMPLEMENTATION;MACHINE_0106;RECIPE_0210
IMPLEMENTATION;MACHINE_0119;RECIPE_0210
IMPLEMENTATION;MACHINE_0104;RECIPE_0210
IMPLEMENTATION;MACHINE_0102;RECIPE_0210
IMPLEMENTATION;MACHINE_0101;RECIPE_0210
IMPLEMENTATION;MACHINE_0117;RECIPE_0210
IMPLEMENTATION;MACHINE_0124;RECIPE_0210
IMPLEMENTATION;MACHINE_0118;RECIPE_0210
IMPLEMENTATION;MACHINE_0123;RECIPE_0210
IMPLEMENTATION;MACHINE_0120;RECIPE_0211
IMPLEMENTATION;MACHINE_0107;RECIPE_0211
IMPLEMENTATION;MACHINE_0116;RECIPE_0211
IMPLEMENTATION;MACHINE_0125;RECIPE_0211
IMPLEMENTATION;MACHINE_0102;RECIPE_0211
IMPLEMENTATION;MACHINE_0115;RECIPE_0212
IMPLEMENTATION;MACHINE_0109;RECIPE_0212
IMPLEMENTATION;MACHINE_0130;RECIPE_0212
IMPLEMENTATION;MACHINE_0119;RECIPE_0212
IMPLEMENTATION;MACHINE_0112;RECIPE_0212
IMPLEMENTATION;MACHINE_0114;RECIPE_0212
IMPLEMENTATION;MACHINE_0122;RECIPE_0212
IMPLEMENTATION;MACHINE_0128;RECIPE_0212
IMPLEMENTATION;MACHINE_0106;RECIPE_0212
IMPLEMENTATION;MACHINE_0127;RECIPE_0212
IMPLEMENTATION;MACHINE_0123;RECIPE_0213
IMPLEMENTATION;MACHINE_0115;RECIPE_0213
IMPLEMENTATION;MACHINE_0106;RECIPE_0213
IMPLEMENTATION;MACHINE_0122;RECIPE_0213
IMPLEMENTATION;MACHINE_0113;RECIPE_0213
IMPLEMENTATION;MACHINE_0128;RECIPE_0213
IMPLEMENTATION;MACHINE_0127;RECIPE_0213
IMPLEMENTATION;MACHINE_0109;RECIPE_0213
IMPLEMENTATION;MACHINE_0107;RECIPE_0213
IMPLEMENTATION;MACHINE_0120;RECIPE_0213
IMPLEMENTATION;MACHINE_0110;RECIPE_0213
IMPLEMENTATION;MACHINE_0110;RECIPE_0214
IMPLEMENTATION;MACHINE_0106;RECIPE_0214
IMPLEMENTATION;MACHINE_0121;RECIPE_0214
IMPLEMENTATION;MACHINE_0112;RECIPE_0214
IMPLEMENTATION;MACHINE_0111;RECIPE_0214
IMPLEMENTATION;MACHINE_0120;RECIPE_0214
IMPLEMENTATION;MACHINE_0118;RECIPE_0214
IMPLEMENTATION;MACHINE_0125;RECIPE_0214
IMPLEMENTATION;MACHINE_0119;RECIPE_0215
IMPLEMENTATION;MACHINE_0106;RECIPE_0215
IMPLEMENTATION;MACHINE_0124;RECIPE_0215
IMPLEMENTATION;MACHINE_0101;RECIPE_0215
IMPLEMENTATION;MACHINE_0103;RECIPE_0215
IMPLEMENTATION;MACHINE_0107;RECIPE_0215
IMPLEMENTATION;MACHINE_0128;RECIPE_0215
IMPLEMENTATION;MACHINE_0114;RECIPE_0215
IMPLEMENTATION;MACHINE_0103;RECIPE_0216
IMPLEMENTATION;MACHINE_0123;RECIPE_0216
IMPLEMENTATION;MACHINE_0129;RECIPE_0216
IMPLEMENTATION;MACHINE_0109;RECIPE_0216
IMPLEMENTATION;MACHINE_0122;RECIPE_0216
IMPLEMENTATION;MACHINE_0128;RECIPE_0216
IMPLEMENTATION;MACHINE_0116;RECIPE_0216
IMPLEMENTATION;MACHINE_0102;RECIPE_0216
IMPLEMENTATION;MACHINE_0123;RECIPE_0217
IMPLEMENTATION;MACHINE_0102;RECIPE_0217
IMPLEMENTATION;MACHINE_0126;RECIPE_0217
IMPLEMENTATION;MACHINE_0117;RECIPE_0217
IMPLEMENTATION;MACHINE_0116;RECIPE_0217
IMPLEMENTATION;MACHINE_0130;RECIPE_0217
IMPLEMENTATION;MACHINE_0122;RECIPE_0217
IMPLEMENTATION;MACHINE_0105;RECIPE_0217
IMPLEMENTATION;MACHINE_0101;RECIPE_0217
IMPLEMENTATION;MACHINE_0112;RECIPE_0218
IMPLEMENTATION;MACHINE_0121;RECIPE_0218
IMPLEMENTATION;MACHINE_0122;RECIPE_0218
IMPLEMENTATION;MACHINE_0124;RECIPE_0218
IMPLEMENTATION;MACHINE_0110;RECIPE_0218
IMPLEMENTATION;MACHINE_0113;RECIPE_0218
IMPLEMENTATION;MACHINE_0119;RECIPE_0218
IMPLEMENTATION;MACHINE_0103;RECIPE_0219
IMPLEMENTATION;MACHINE_0110;RECIPE_0219
IMPLEMENTATION;MACHINE_0125;RECIPE_0219
IMPLEMENTATION;MACHINE_0109;RECIPE_0219
IMPLEMENTATION;MACHINE_0106;RECIPE_0219
IMPLEMENTATION;MACHINE_0117;RECIPE_0219
IMPLEMENTATION;MACHINE_0116;RECIPE_0219
IMPLEMENTATION;MACHINE_0115;RECIPE_0219
IMPLEMENTATION;MACHINE_0128;RECIPE_0219
IMPLEMENTATION;MACHINE_0119;RECIPE_0219
IMPLEMENTATION;MACHINE_0127;RECIPE_0219
IMPLEMENTATION;MACHINE_0113;RECIPE_0220
IMPLEMENTATION;MACHINE_0119;RECIPE_0220
IMPLEMENTATION;MACHINE_0101;RECIPE_0220
IMPLEMENTATION;MACHINE_0102;RECIPE_0220
IMPLEMENTATION;MACHINE_0128;RECIPE_0221
IMPLEMENTATION;MACHINE_0119;RECIPE_0221
IMPLEMENTATION;MACHINE_0121;RECIPE_0221
IMPLEMENTATION;MACHINE_0116;RECIPE_0221
IMPLEMENTATION;MACHINE_0103;RECIPE_0221
IMPLEMENTATION;MACHINE_0105;RECIPE_0221
IMPLEMENTATION;MACHINE_0129;RECIPE_0221
IMPLEMENTATION;MACHINE_0117;RECIPE_0221
IMPLEMENTATION;MACHINE_0122;RECIPE_0221
IMPLEMENTATION;MACHINE_0111;RECIPE_0221
IMPLEMENTATION;MACHINE_0125;RECIPE_0221
IMPLEMENTATION;MACHINE_0115;RECIPE_0221
IMPLEMENTATION;MACHINE_0110;RECIPE_0222
IMPLEMENTATION;MACHINE_0104;RECIPE_0222
IMPLEMENTATION;MACHINE_0118;RECIPE_0222
IMPLEMENTATION;MACHINE_0114;RECIPE_0222
IMPLEMENTATION;MACHINE_0128;RECIPE_0222
IMPLEMENTATION;MACHINE_0112;RECIPE_0222
IMPLEMENTATION;MACHINE_0111;RECIPE_0222
IMPLEMENTATION;MACHINE_0101;RECIPE_0222
IMPLEMENTATION;MACHINE_0129;RECIPE_0222
IMPLEMENTATION;MACHINE_0125;RECIPE_0222
IMPLEMENTATION;MACHINE_0117;RECIPE_0223
IMPLEMENTATION;MACHINE_0124;RECIPE_0223
IMPLEMENTATION;MACHINE_0125;RECIPE_0223
IMPLEMENTATION;MACHINE_0126;RECIPE_0223
IMPLEMENTATION;MACHINE_0115;RECIPE_0223
IMPLEMENTATION;MACHINE_0102;RECIPE_0223
IMPLEMENTATION;MACHINE_0123;RECIPE_0223
IMPLEMENTATION;MACHINE_0108;RECIPE_0223
IMPLEMENTATION;MACHINE_0109;RECIPE_0224
IMPLEMENTATION;MACHINE_0114;RECIPE_0224
IMPLEMENTATION;MACHINE_0112;RECIPE_0224
IMPLEMENTATION;MACHINE_0104;RECIPE_0224
IMPLEMENTATION;MACHINE_0107;RECIPE_0224
IMPLEMENTATION;MACHINE_0101;RECIPE_0224
IMPLEMENTATION;MACHINE_0124;RECIPE_0224
IMPLEMENTATION;MACHINE_0118;RECIPE_0224
IMPLEMENTATION;MACHINE_0122;RECIPE_0225
IMPLEMENTATION;MACHINE_0108;RECIPE_0225
IMPLEMENTATION;MACHINE_0117;RECIPE_0225
IMPLEMENTATION;MACHINE_0115;RECIPE_0225
IMPLEMENTATION;MACHINE_0116;RECIPE_0225
IMPLEMENTATION;MACHINE_0111;RECIPE_0225
IMPLEMENTATION;MACHINE_0106;RECIPE_0226
IMPLEMENTATION;MACHINE_0125;RECIPE_0226
IMPLEMENTATION;MACHINE_0101;RECIPE_0226
IMPLEMENTATION;MACHINE_0123;RECIPE_0226
IMPLEMENTATION;MACHINE_0111;RECIPE_0226
IMPLEMENTATION;MACHINE_0110;RECIPE_0226
IMPLEMENTATION;MACHINE_0107;RECIPE_0226
IMPLEMENTATION;MACHINE_0120;RECIPE_0226
IMPLEMENTATION;MACHINE_0126;RECIPE_0227
IMPLEMENTATION;MACHINE_0112;RECIPE_0227
IMPLEMENTATION;MACHINE_0122;RECIPE_0227
IMPLEMENTATION;MACHINE_0114;RECIPE_0227
IMPLEMENTATION;MACHINE_0101;RECIPE_0227
IMPLEMENTATION;MACHINE_0125;RECIPE_0228
IMPLEMENTATION;MACHINE_0123;RECIPE_0228
IMPLEMENTATION;MACHINE_0113;RECIPE_0228
IMPLEMENTATION;MACHINE_0128;RECIPE_0228
IMPLEMENTATION;MACHINE_0112;RECIPE_0228
IMPLEMENTATION;MACHINE_0118;RECIPE_0228
IMPLEMENTATION;MACHINE_0114;RECIPE_0228
IMPLEMENTATION;MACHINE_0129;RECIPE_0229
IMPLEMENTATION;MACHINE_0101;RECIPE_0229
IMPLEMENTATION;MACHINE_0126;RECIPE_0229
IMPLEMENTATION;MACHINE_0115;RECIPE_0229
IMPLEMENTATION;MACHINE_0122;RECIPE_0229
IMPLEMENTATION;MACHINE_0102;RECIPE_0229
IMPLEMENTATION;MACHINE_0112;RECIPE_0229
IMPLEMENTATION;MACHINE_0115;RECIPE_0230
IMPLEMENTATION;MACHINE_0103;RECIPE_0230
IMPLEMENTATION;MACHINE_0127;RECIPE_0230
IMPLEMENTATION;MACHINE_0105;RECIPE_0230
IMPLEMENTATION;MACHINE_0117;RECIPE_0230
IMPLEMENTATION;MACHINE_0108;RECIPE_0230
IMPLEMENTATION;MACHINE_0124;RECIPE_0230
IMPLEMENTATION;MACHINE_0113;RECIPE_0230
IMPLEMENTATION;MACHINE_0113;RECIPE_0231
IMPLEMENTATION;MACHINE_0122;RECIPE_0231
IMPLEMENTATION;MACHINE_0124;RECIPE_0231
IMPLEMENTATION;MACHINE_0125;RECIPE_0231
IMPLEMENTATION;MACHINE_0128;RECIPE_0231
IMPLEMENTATION;MACHINE_0108;RECIPE_0231
IMPLEMENTATION;MACHINE_0103;RECIPE_0232
IMPLEMENTATION;MACHINE_0108;RECIPE_0232
IMPLEMENTATION;MACHINE_0110;RECIPE_0232
IMPLEMENTATION;MACHINE_0125;RECIPE_0232
IMPLEMENTATION;MACHINE_0107;RECIPE_0232
IMPLEMENTATION;MACHINE_0118;RECIPE_0232
IMPLEMENTATION;MACHINE_0104;RECIPE_0232
IMPLEMENTATION;MACHINE_0121;RECIPE_0232
IMPLEMENTATION;MACHINE_0102;RECIPE_0233
IMPLEMENTATION;MACHINE_0103;RECIPE_0233
IMPLEMENTATION;MACHINE_0110;RECIPE_0233
IMPLEMENTATION;MACHINE_0109;RECIPE_0233
IMPLEMENTATION;MACHINE_0115;RECIPE_0233
IMPLEMENTATION;MACHINE_0114;RECIPE_0233
IMPLEMENTATION;MACHINE_0129;RECIPE_0234
IMPLEMENTATION;MACHINE_0111;RECIPE_0234
IMPLEMENTATION;MACHINE_0101;RECIPE_0234
IMPLEMENTATION;MACHINE_0127;RECIPE_0234
IMPLEMENTATION;MACHINE_0108;RECIPE_0234
IMPLEMENTATION;MACHINE_0109;RECIPE_0234
IMPLEMENTATION;MACHINE_0124;RECIPE_0234
IMPLEMENTATION;MACHINE_0114;RECIPE_0234
IMPLEMENTATION;MACHINE_0105;RECIPE_0235
IMPLEMENTATION;MACHINE_0107;RECIPE_0235
IMPLEMENTATION;MACHINE_0102;RECIPE_0235
IMPLEMENTATION;MACHINE_0130;RECIPE_0235
IMPLEMENTATION;MACHINE_0117;RECIPE_0235
IMPLEMENTATION;MACHINE_0124;RECIPE_0235
IMPLEMENTATION;MACHINE_0114;RECIPE_0235
IMPLEMENTATION;MACHINE_0104;RECIPE_0235
IMPLEMENTATION;MACHINE_0118;RECIPE_0235
IMPLEMENTATION;MACHINE_0126;RECIPE_0235
IMPLEMENTATION;MACHINE_0115;RECIPE_0235
IMPLEMENTATION;MACHINE_0119;RECIPE_0236
IMPLEMENTATION;MACHINE_0120;RECIPE_0236
IMPLEMENTATION;MACHINE_0115;RECIPE_0236
IMPLEMENTATION;MACHINE_0124;RECIPE_0236
IMPLEMENTATION;MACHINE_0103;RECIPE_0236
IMPLEMENTATION;MACHINE_0114;RECIPE_0236
IMPLEMENTATION;MACHINE_0108;RECIPE_0236
IMPLEMENTATION;MACHINE_0129;RECIPE_0236
IMPLEMENTATION;MACHINE_0116;RECIPE_0236
IMPLEMENTATION;MACHINE_0113;RECIPE_0236
IMPLEMENTATION;MACHINE_0123;RECIPE_0237
IMPLEMENTATION;MACHINE_0106;RECIPE_0237
IMPLEMENTATION;MACHINE_0105;RECIPE_0237
IMPLEMENTATION;MACHINE_0121;RECIPE_0237
IMPLEMENTATION;MACHINE_0129;RECIPE_0237
IMPLEMENTATION;MACHINE_0125;RECIPE_0237
IMPLEMENTATION;MACHINE_0115;RECIPE_0237
IMPLEMENTATION;MACHINE_0124;RECIPE_0237
IMPLEMENTATION;MACHINE_0120;RECIPE_0237
IMPLEMENTATION;MACHINE_0108;RECIPE_0237
IMPLEMENTATION;MACHINE_0119;RECIPE_0237
IMPLEMENTATION;MACHINE_0124;RECIPE_0238
IMPLEMENTATION;MACHINE_0107;RECIPE_0238
IMPLEMENTATION;MACHINE_0116;RECIPE_0238
IMPLEMENTATION;MACHINE_0111;RECIPE_0238
IMPLEMENTATION;MACHINE_0110;RECIPE_0238
IMPLEMENTATION;MACHINE_0119;RECIPE_0238
IMPLEMENTATION;MACHINE_0129;RECIPE_0238
IMPLEMENTATION;MACHINE_0102;RECIPE_0239
IMPLEMENTATION;MACHINE_0113;RECIPE_0239
IMPLEMENTATION;MACHINE_0109;RECIPE_0239
IMPLEMENTATION;MACHINE_0120;RECIPE_0239
IMPLEMENTATION;MACHINE_0121;RECIPE_0239
IMPLEMENTATION;MACHINE_0126;RECIPE_0239
IMPLEMENTATION;MACHINE_0128;RECIPE_0239
IMPLEMENTATION;MACHINE_0125;RECIPE_0239
IMPLEMENTATION;MACHINE_0119;RECIPE_0240
IMPLEMENTATION;MACHINE_0116;RECIPE_0240
IMPLEMENTATION;MACHINE_0118;RECIPE_0240
IMPLEMENTATION;MACHINE_0122;RECIPE_0240
IMPLEMENTATION;MACHINE_0107;RECIPE_0240
IMPLEMENTATION;MACHINE_0117;RECIPE_0240
IMPLEMENTATION;MACHINE_0123;RECIPE_0240
IMPLEMENTATION;MACHINE_0101;RECIPE_0240
IMPLEMENTATION;MACHINE_0115;RECIPE_0241
IMPLEMENTATION;MACHINE_0125;RECIPE_0241
IMPLEMENTATION;MACHINE_0119;RECIPE_0241
IMPLEMENTATION;MACHINE_0106;RECIPE_0241
IMPLEMENTATION;MACHINE_0110;RECIPE_0241
IMPLEMENTATION;MACHINE_0109;RECIPE_0241
IMPLEMENTATION;MACHINE_0127;RECIPE_0241
IMPLEMENTATION;MACHINE_0105;RECIPE_0242
IMPLEMENTATION;MACHINE_0109;RECIPE_0242
IMPLEMENTATION;MACHINE_0124;RECIPE_0242
IMPLEMENTATION;MACHINE_0120;RECIPE_0242
IMPLEMENTATION;MACHINE_0115;RECIPE_0242
IMPLEMENTATION;MACHINE_0104;RECIPE_0242
IMPLEMENTATION;MACHINE_0108;RECIPE_0242
IMPLEMENTATION;MACHINE_0121;RECIPE_0242
IMPLEMENTATION;MACHINE_0123;RECIPE_0242
IMPLEMENTATION;MACHINE_0114;RECIPE_0242
IMPLEMENTATION;MACHINE_0117;RECIPE_0243
IMPLEMENTATION;MACHINE_0122;RECIPE_0243
IMPLEMENTATION;MACHINE_0129;RECIPE_0243
IMPLEMENTATION;MACHINE_0109;RECIPE_0243
IMPLEMENTATION;MACHINE_0113;RECIPE_0243
IMPLEMENTATION;MACHINE_0110;RECIPE_0243
IMPLEMENTATION;MACHINE_0107;RECIPE_0243
IMPLEMENTATION;MACHINE_0121;RECIPE_0244
IMPLEMENTATION;MACHINE_0101;RECIPE_0244
IMPLEMENTATION;MACHINE_0122;RECIPE_0244
IMPLEMENTATION;MACHINE_0124;RECIPE_0244
IMPLEMENTATION;MACHINE_0113;RECIPE_0244
IMPLEMENTATION;MACHINE_0105;RECIPE_0244
IMPLEMENTATION;MACHINE_0119;RECIPE_0244
IMPLEMENTATION;MACHINE_0106;RECIPE_0244
IMPLEMENTATION;MACHINE_0115;RECIPE_0245
IMPLEMENTATION;MACHINE_0105;RECIPE_0245
IMPLEMENTATION;MACHINE_0118;RECIPE_0245
IMPLEMENTATION;MACHINE_0108;RECIPE_0245
IMPLEMENTATION;MACHINE_0110;RECIPE_0245
IMPLEMENTATION;MACHINE_0112;RECIPE_0245
IMPLEMENTATION;MACHINE_0119;RECIPE_0245
IMPLEMENTATION;MACHINE_0119;RECIPE_0246
IMPLEMENTATION;MACHINE_0101;RECIPE_0246
IMPLEMENTATION;MACHINE_0123;RECIPE_0246
IMPLEMENTATION;MACHINE_0128;RECIPE_0246
IMPLEMENTATION;MACHINE_0106;RECIPE_0246
IMPLEMENTATION;MACHINE_0104;RECIPE_0246
IMPLEMENTATION;MACHINE_0118;RECIPE_0246
IMPLEMENTATION;MACHINE_0114;RECIPE_0246
IMPLEMENTATION;MACHINE_0110;RECIPE_0246
IMPLEMENTATION;MACHINE_0130;RECIPE_0246
IMPLEMENTATION;MACHINE_0111;RECIPE_0246
IMPLEMENTATION;MACHINE_0102;RECIPE_0246
IMPLEMENTATION;MACHINE_0120;RECIPE_0246
IMPLEMENTATION;MACHINE_0124;RECIPE_0246
IMPLEMENTATION;MACHINE_0103;RECIPE_0246
IMPLEMENTATION;MACHINE_0129;RECIPE_0247
IMPLEMENTATION;MACHINE_0112;RECIPE_0247
IMPLEMENTATION;MACHINE_0110;RECIPE_0247
IMPLEMENTATION;MACHINE_0111;RECIPE_0247
IMPLEMENTATION;MACHINE_0105;RECIPE_0247
IMPLEMENTATION;MACHINE_0107;RECIPE_0247
IMPLEMENTATION;MACHINE_0121;RECIPE_0247
IMPLEMENTATION;MACHINE_0103;RECIPE_0247
IMPLEMENTATION;MACHINE_0114;RECIPE_0247
IMPLEMENTATION;MACHINE_0120;RECIPE_0247
IMPLEMENTATION;MACHINE_0119;RECIPE_0248
IMPLEMENTATION;MACHINE_0130;RECIPE_0248
IMPLEMENTATION;MACHINE_0105;RECIPE_0248
IMPLEMENTATION;MACHINE_0129;RECIPE_0248
IMPLEMENTATION;MACHINE_0118;RECIPE_0248
IMPLEMENTATION;MACHINE_0114;RECIPE_0248
IMPLEMENTATION;MACHINE_0110;RECIPE_0248
IMPLEMENTATION;MACHINE_0108;RECIPE_0248
IMPLEMENTATION;MACHINE_0126;RECIPE_0248
IMPLEMENTATION;MACHINE_0106;RECIPE_0248
IMPLEMENTATION;MACHINE_0114;RECIPE_0249
IMPLEMENTATION;MACHINE_0116;RECIPE_0249
IMPLEMENTATION;MACHINE_0118;RECIPE_0249
IMPLEMENTATION;MACHINE_0101;RECIPE_0249
IMPLEMENTATION;MACHINE_0110;RECIPE_0249
IMPLEMENTATION;MACHINE_0109;RECIPE_0249
IMPLEMENTATION;MACHINE_0110;RECIPE_0250
IMPLEMENTATION;MACHINE_0120;RECIPE_0250
IMPLEMENTATION;MACHINE_0130;RECIPE_0250
IMPLEMENTATION;MACHINE_0111;RECIPE_0250
IMPLEMENTATION;MACHINE_0106;RECIPE_0250
IMPLEMENTATION;MACHINE_0105;RECIPE_0250
IMPLEMENTATION;MACHINE_0113;RECIPE_0250
IMPLEMENTATION;MACHINE_0109;RECIPE_0250
IMPLEMENTATION;MACHINE_0125;RECIPE_0250
IMPLEMENTATION;MACHINE_0121;RECIPE_0250
IMPLEMENTATION;MACHINE_0113;RECIPE_0251
IMPLEMENTATION;MACHINE_0125;RECIPE_0251
IMPLEMENTATION;MACHINE_0105;RECIPE_0251
IMPLEMENTATION;MACHINE_0124;RECIPE_0251
IMPLEMENTATION;MACHINE_0109;RECIPE_0251
IMPLEMENTATION;MACHINE_0102;RECIPE_0251
IMPLEMENTATION;MACHINE_0101;RECIPE_0251
IMPLEMENTATION;MACHINE_0129;RECIPE_0251
IMPLEMENTATION;MACHINE_0110;RECIPE_0251
IMPLEMENTATION;MACHINE_0118;RECIPE_0251
IMPLEMENTATION;MACHINE_0111;RECIPE_0251
IMPLEMENTATION;MACHINE_0120;RECIPE_0251
IMPLEMENTATION;MACHINE_0119;RECIPE_0251
IMPLEMENTATION;MACHINE_0116;RECIPE_0252
IMPLEMENTATION;MACHINE_0106;RECIPE_0252
IMPLEMENTATION;MACHINE_0122;RECIPE_0252
IMPLEMENTATION;MACHINE_0126;RECIPE_0252
IMPLEMENTATION;MACHINE_0113;RECIPE_0252
IMPLEMENTATION;MACHINE_0127;RECIPE_0252
IMPLEMENTATION;MACHINE_0118;RECIPE_0252
IMPLEMENTATION;MACHINE_0111;RECIPE_0252
IMPLEMENTATION;MACHINE_0107;RECIPE_0252
IMPLEMENTATION;MACHINE_0104;RECIPE_0252
IMPLEMENTATION;MACHINE_0130;RECIPE_0252
IMPLEMENTATION;MACHINE_0123;RECIPE_0252
IMPLEMENTATION;MACHINE_0105;RECIPE_0253
IMPLEMENTATION;MACHINE_0129;RECIPE_0253
IMPLEMENTATION;MACHINE_0108;RECIPE_0253
IMPLEMENTATION;MACHINE_0124;RECIPE_0253
IMPLEMENTATION;MACHINE_0101;RECIPE_0253
IMPLEMENTATION;MACHINE_0117;RECIPE_0253
IMPLEMENTATION;MACHINE_0116;RECIPE_0253
IMPLEMENTATION;MACHINE_0107;RECIPE_0253
IMPLEMENTATION;MACHINE_0107;RECIPE_0254
IMPLEMENTATION;MACHINE_0110;RECIPE_0254
IMPLEMENTATION;MACHINE_0115;RECIPE_0254
IMPLEMENTATION;MACHINE_0126;RECIPE_0254
IMPLEMENTATION;MACHINE_0124;RECIPE_0254
IMPLEMENTATION;MACHINE_0109;RECIPE_0254
IMPLEMENTATION;MACHINE_0120;RECIPE_0254
IMPLEMENTATION;MACHINE_0118;RECIPE_0254
IMPLEMENTATION;MACHINE_0102;RECIPE_0254
IMPLEMENTATION;MACHINE_0121;RECIPE_0255
IMPLEMENTATION;MACHINE_0122;RECIPE_0255
IMPLEMENTATION;MACHINE_0129;RECIPE_0255
IMPLEMENTATION;MACHINE_0117;RECIPE_0255
IMPLEMENTATION;MACHINE_0114;RECIPE_0255
IMPLEMENTATION;MACHINE_0107;RECIPE_0255
IMPLEMENTATION;MACHINE_0103;RECIPE_0255
IMPLEMENTATION;MACHINE_0108;RECIPE_0255
IMPLEMENTATION;MACHINE_0113;RECIPE_0256
IMPLEMENTATION;MACHINE_0120;RECIPE_0256
IMPLEMENTATION;MACHINE_0128;RECIPE_0256
IMPLEMENTATION;MACHINE_0108;RECIPE_0256
IMPLEMENTATION;MACHINE_0104;RECIPE_0256
IMPLEMENTATION;MACHINE_0110;RECIPE_0256
IMPLEMENTATION;MACHINE_0105;RECIPE_0256
IMPLEMENTATION;MACHINE_0126;RECIPE_0256
IMPLEMENTATION;MACHINE_0120;RECIPE_0257
IMPLEMENTATION;MACHINE_0109;RECIPE_0257
IMPLEMENTATION;MACHINE_0107;RECIPE_0257
IMPLEMENTATION;MACHINE_0106;RECIPE_0257
IMPLEMENTATION;MACHINE_0102;RECIPE_0257
IMPLEMENTATION;MACHINE_0118;RECIPE_0257
IMPLEMENTATION;MACHINE_0108;RECIPE_0257
IMPLEMENTATION;MACHINE_0127;RECIPE_0257
IMPLEMENTATION;MACHINE_0114;RECIPE_0257
IMPLEMENTATION;MACHINE_0119;RECIPE_0257
IMPLEMENTATION;MACHINE_0129;RECIPE_0257
IMPLEMENTATION;MACHINE_0110;RECIPE_0258
IMPLEMENTATION;MACHINE_0128;RECIPE_0258
IMPLEMENTATION;MACHINE_0101;RECIPE_0258
IMPLEMENTATION;MACHINE_0121;RECIPE_0258
IMPLEMENTATION;MACHINE_0109;RECIPE_0258
IMPLEMENTATION;MACHINE_0120;RECIPE_0258
IMPLEMENTATION;MACHINE_0111;RECIPE_0258
IMPLEMENTATION;MACHINE_0125;RECIPE_0258
IMPLEMENTATION;MACHINE_0118;RECIPE_0258
IMPLEMENTATION;MACHINE_0106;RECIPE_0258
IMPLEMENTATION;MACHINE_0122;RECIPE_0258
IMPLEMENTATION;MACHINE_0115;RECIPE_0258
IMPLEMENTATION;MACHINE_0116;RECIPE_0259
IMPLEMENTATION;MACHINE_0114;RECIPE_0259
IMPLEMENTATION;MACHINE_0120;RECIPE_0259
IMPLEMENTATION;MACHINE_0107;RECIPE_0259
IMPLEMENTATION;MACHINE_0113;RECIPE_0259
IMPLEMENTATION;MACHINE_0103;RECIPE_0259
IMPLEMENTATION;MACHINE_0124;RECIPE_0259
IMPLEMENTATION;MACHINE_0110;RECIPE_0259
IMPLEMENTATION;MACHINE_0126;RECIPE_0260
IMPLEMENTATION;MACHINE_0127;RECIPE_0260
IMPLEMENTATION;MACHINE_0119;RECIPE_0260
IMPLEMENTATION;MACHINE_0118;RECIPE_0260
IMPLEMENTATION;MACHINE_0121;RECIPE_0260
IMPLEMENTATION;MACHINE_0113;RECIPE_0260
IMPLEMENTATION;MACHINE_0103;RECIPE_0260
IMPLEMENTATION;MACHINE_0104;RECIPE_0260
IMPLEMENTATION;MACHINE_0129;RECIPE_0260
IMPLEMENTATION;MACHINE_0129;RECIPE_0261
IMPLEMENTATION;MACHINE_0114;RECIPE_0261
IMPLEMENTATION;MACHINE_0101;RECIPE_0261
IMPLEMENTATION;MACHINE_0115;RECIPE_0261
IMPLEMENTATION;MACHINE_0124;RECIPE_0261
IMPLEMENTATION;MACHINE_0108;RECIPE_0261
IMPLEMENTATION;MACHINE_0121;RECIPE_0261
IMPLEMENTATION;MACHINE_0104;RECIPE_0261
IMPLEMENTATION;MACHINE_0117;RECIPE_0261
IMPLEMENTATION;MACHINE_0109;RECIPE_0261
IMPLEMENTATION;MACHINE_0102;RECIPE_0261
IMPLEMENTATION;MACHINE_0126;RECIPE_0261
IMPLEMENTATION;MACHINE_0110;RECIPE_0261
IMPLEMENTATION;MACHINE_0122;RECIPE_0262
IMPLEMENTATION;MACHINE_0121;RECIPE_0262
IMPLEMENTATION;MACHINE_0126;RECIPE_0262
IMPLEMENTATION;MACHINE_0108;RECIPE_0262
IMPLEMENTATION;MACHINE_0101;RECIPE_0262
IMPLEMENTATION;MACHINE_0107;RECIPE_0262
IMPLEMENTATION;MACHINE_0107;RECIPE_0263
IMPLEMENTATION;MACHINE_0111;RECIPE_0263
IMPLEMENTATION;MACHINE_0114;RECIPE_0263
IMPLEMENTATION;MACHINE_0115;RECIPE_0263
IMPLEMENTATION;MACHINE_0130;RECIPE_0263
IMPLEMENTATION;MACHINE_0106;RECIPE_0263
IMPLEMENTATION;MACHINE_0122;RECIPE_0263
IMPLEMENTATION;MACHINE_0102;RECIPE_0263
IMPLEMENTATION;MACHINE_0121;RECIPE_0263
IMPLEMENTATION;MACHINE_0105;RECIPE_0263
IMPLEMENTATION;MACHINE_0123;RECIPE_0263
IMPLEMENTATION;MACHINE_0127;RECIPE_0263
IMPLEMENTATION;MACHINE_0122;RECIPE_0264
IMPLEMENTATION;MACHINE_0101;RECIPE_0264
IMPLEMENTATION;MACHINE_0126;RECIPE_0264
IMPLEMENTATION;MACHINE_0120;RECIPE_0264
IMPLEMENTATION;MACHINE_0109;RECIPE_0264
IMPLEMENTATION;MACHINE_0128;RECIPE_0264
IMPLEMENTATION;MACHINE_0124;RECIPE_0264
IMPLEMENTATION;MACHINE_0118;RECIPE_0264
IMPLEMENTATION;MACHINE_0107;RECIPE_0264
IMPLEMENTATION;MACHINE_0129;RECIPE_0264
IMPLEMENTATION;MACHINE_0112;RECIPE_0264
IMPLEMENTATION;MACHINE_0111;RECIPE_0264
IMPLEMENTATION;MACHINE_0121;RECIPE_0264
IMPLEMENTATION;MACHINE_0105;RECIPE_0264
IMPLEMENTATION;MACHINE_0111;RECIPE_0265
IMPLEMENTATION;MACHINE_0129;RECIPE_0265
IMPLEMENTATION;MACHINE_0119;RECIPE_0265
IMPLEMENTATION;MACHINE_0121;RECIPE_0265
IMPLEMENTATION;MACHINE_0123;RECIPE_0265
IMPLEMENTATION;MACHINE_0120;RECIPE_0265
IMPLEMENTATION;MACHINE_0118;RECIPE_0265
IMPLEMENTATION;MACHINE_0104;RECIPE_0265
IMPLEMENTATION;MACHINE_0102;RECIPE_0265
IMPLEMENTATION;MACHINE_0116;RECIPE_0265
IMPLEMENTATION;MACHINE_0114;RECIPE_0265
IMPLEMENTATION;MACHINE_0125;RECIPE_0265
IMPLEMENTATION;MACHINE_0108;RECIPE_0266
IMPLEMENTATION;MACHINE_0117;RECIPE_0266
IMPLEMENTATION;MACHINE_0127;RECIPE_0266
IMPLEMENTATION;MACHINE_0113;RECIPE_0266
IMPLEMENTATION;MACHINE_0114;RECIPE_0266
IMPLEMENTATION;MACHINE_0126;RECIPE_0266
IMPLEMENTATION;MACHINE_0130;RECIPE_0266
IMPLEMENTATION;MACHINE_0109;RECIPE_0266
IMPLEMENTATION;MACHINE_0103;RECIPE_0266
IMPLEMENTATION;MACHINE_0101;RECIPE_0266
IMPLEMENTATION;MACHINE_0125;RECIPE_0266
IMPLEMENTATION;MACHINE_0112;RECIPE_0266
IMPLEMENTATION;MACHINE_0118;RECIPE_0267
IMPLEMENTATION;MACHINE_0114;RECIPE_0267
IMPLEMENTATION;MACHINE_0102;RECIPE_0267
IMPLEMENTATION;MACHINE_0129;RECIPE_0267
IMPLEMENTATION;MACHINE_0113;RECIPE_0267
IMPLEMENTATION;MACHINE_0116;RECIPE_0267
IMPLEMENTATION;MACHINE_0111;RECIPE_0267
IMPLEMENTATION;MACHINE_0110;RECIPE_0267
IMPLEMENTATION;MACHINE_0130;RECIPE_0267
IMPLEMENTATION;MACHINE_0117;RECIPE_0267
IMPLEMENTATION;MACHINE_0109;RECIPE_0267
IMPLEMENTATION;MACHINE_0127;RECIPE_0267
IMPLEMENTATION;MACHINE_0112;RECIPE_0268
IMPLEMENTATION;MACHINE_0125;RECIPE_0268
IMPLEMENTATION;MACHINE_0126;RECIPE_0268
IMPLEMENTATION;MACHINE_0102;RECIPE_0268
IMPLEMENTATION;MACHINE_0124;RECIPE_0268
IMPLEMENTATION;MACHINE_0103;RECIPE_0268
IMPLEMENTATION;MACHINE_0128;RECIPE_0269
IMPLEMENTATION;MACHINE_0122;RECIPE_0269
IMPLEMENTATION;MACHINE_0120;RECIPE_0269
IMPLEMENTATION;MACHINE_0117;RECIPE_0269
IMPLEMENTATION;MACHINE_0114;RECIPE_0269
IMPLEMENTATION;MACHINE_0125;RECIPE_0269
IMPLEMENTATION;MACHINE_0118;RECIPE_0269
IMPLEMENTATION;MACHINE_0121;RECIPE_0269
IMPLEMENTATION;MACHINE_0101;RECIPE_0270
IMPLEMENTATION;MACHINE_0103;RECIPE_0270
IMPLEMENTATION;MACHINE_0117;RECIPE_0270
IMPLEMENTATION;MACHINE_0106;RECIPE_0270
IMPLEMENTATION;MACHINE_0127;RECIPE_0270
IMPLEMENTATION;MACHINE_0126;RECIPE_0270
IMPLEMENTATION;MACHINE_0114;RECIPE_0270
IMPLEMENTATION;MACHINE_0118;RECIPE_0270
IMPLEMENTATION;MACHINE_0102;RECIPE_0270
IMPLEMENTATION;MACHINE_0125;RECIPE_0270
IMPLEMENTATION;MACHINE_0121;RECIPE_0270
IMPLEMENTATION;MACHINE_0122;RECIPE_0270
IMPLEMENTATION;MACHINE_0108;RECIPE_0270
IMPLEMENTATION;MACHINE_0107;RECIPE_0270
IMPLEMENTATION;MACHINE_0111;RECIPE_0271
IMPLEMENTATION;MACHINE_0114;RECIPE_0271
IMPLEMENTATION;MACHINE_0103;RECIPE_0271
IMPLEMENTATION;MACHINE_0105;RECIPE_0271
IMPLEMENTATION;MACHINE_0109;RECIPE_0271
IMPLEMENTATION;MACHINE_0110;RECIPE_0271
IMPLEMENTATION;MACHINE_0116;RECIPE_0271
IMPLEMENTATION;MACHINE_0102;RECIPE_0271
IMPLEMENTATION;MACHINE_0125;RECIPE_0271
IMPLEMENTATION;MACHINE_0120;RECIPE_0271
IMPLEMENTATION;MACHINE_0107;RECIPE_0271
IMPLEMENTATION;MACHINE_0101;RECIPE_0271
IMPLEMENTATION;MACHINE_0106;RECIPE_0271
IMPLEMENTATION;MACHINE_0124;RECIPE_0271
IMPLEMENTATION;MACHINE_0113;RECIPE_0271
IMPLEMENTATION;MACHINE_0108;RECIPE_0271
IMPLEMENTATION;MACHINE_0106;RECIPE_0272
IMPLEMENTATION;MACHINE_0108;RECIPE_0272
IMPLEMENTATION;MACHINE_0128;RECIPE_0272
IMPLEMENTATION;MACHINE_0118;RECIPE_0272
IMPLEMENTATION;MACHINE_0130;RECIPE_0272
IMPLEMENTATION;MACHINE_0116;RECIPE_0272
IMPLEMENTATION;MACHINE_0123;RECIPE_0272
IMPLEMENTATION;MACHINE_0129;RECIPE_0272
IMPLEMENTATION;MACHINE_0102;RECIPE_0273
IMPLEMENTATION;MACHINE_0120;RECIPE_0273
IMPLEMENTATION;MACHINE_0130;RECIPE_0273
IMPLEMENTATION;MACHINE_0111;RECIPE_0273
IMPLEMENTATION;MACHINE_0118;RECIPE_0273
IMPLEMENTATION;MACHINE_0109;RECIPE_0273
IMPLEMENTATION;MACHINE_0122;RECIPE_0273
IMPLEMENTATION;MACHINE_0105;RECIPE_0273
IMPLEMENTATION;MACHINE_0117;RECIPE_0274
IMPLEMENTATION;MACHINE_0103;RECIPE_0274
IMPLEMENTATION;MACHINE_0128;RECIPE_0274
IMPLEMENTATION;MACHINE_0110;RECIPE_0274
IMPLEMENTATION;MACHINE_0107;RECIPE_0274
IMPLEMENTATION;MACHINE_0108;RECIPE_0274
IMPLEMENTATION;MACHINE_0123;RECIPE_0274
IMPLEMENTATION;MACHINE_0125;RECIPE_0274
IMPLEMENTATION;MACHINE_0121;RECIPE_0274
IMPLEMENTATION;MACHINE_0105;RECIPE_0275
IMPLEMENTATION;MACHINE_0102;RECIPE_0275
IMPLEMENTATION;MACHINE_0106;RECIPE_0275
IMPLEMENTATION;MACHINE_0116;RECIPE_0275
IMPLEMENTATION;MACHINE_0113;RECIPE_0275
IMPLEMENTATION;MACHINE_0123;RECIPE_0275
IMPLEMENTATION;MACHINE_0114;RECIPE_0275
IMPLEMENTATION;MACHINE_0107;RECIPE_0275
IMPLEMENTATION;MACHINE_0124;RECIPE_0275
IMPLEMENTATION;MACHINE_0112;RECIPE_0275
IMPLEMENTATION;MACHINE_0125;RECIPE_0275
IMPLEMENTATION;MACHINE_0115;RECIPE_0276
IMPLEMENTATION;MACHINE_0125;RECIPE_0276
IMPLEMENTATION;MACHINE_0103;RECIPE_0276
IMPLEMENTATION;MACHINE_0127;RECIPE_0276
IMPLEMENTATION;MACHINE_0130;RECIPE_0276
IMPLEMENTATION;MACHINE_0106;RECIPE_0276
IMPLEMENTATION;MACHINE_0112;RECIPE_0277
IMPLEMENTATION;MACHINE_0105;RECIPE_0277
IMPLEMENTATION;MACHINE_0107;RECIPE_0277
IMPLEMENTATION;MACHINE_0104;RECIPE_0277
IMPLEMENTATION;MACHINE_0118;RECIPE_0277
IMPLEMENTATION;MACHINE_0129;RECIPE_0277
IMPLEMENTATION;MACHINE_0108;RECIPE_0277
IMPLEMENTATION;MACHINE_0106;RECIPE_0277
IMPLEMENTATION;MACHINE_0113;RECIPE_0277
IMPLEMENTATION;MACHINE_0127;RECIPE_0277
IMPLEMENTATION;MACHINE_0120;RECIPE_0277
IMPLEMENTATION;MACHINE_0111;RECIPE_0277
IMPLEMENTATION;MACHINE_0114;RECIPE_0278
IMPLEMENTATION;MACHINE_0123;RECIPE_0278
IMPLEMENTATION;MACHINE_0102;RECIPE_0278
IMPLEMENTATION;MACHINE_0120;RECIPE_0278
IMPLEMENTATION;MACHINE_0127;RECIPE_0278
IMPLEMENTATION;MACHINE_0119;RECIPE_0278
IMPLEMENTATION;MACHINE_0129;RECIPE_0278
IMPLEMENTATION;MACHINE_0110;RECIPE_0278
IMPLEMENTATION;MACHINE_0121;RECIPE_0278
IMPLEMENTATION;MACHINE_0115;RECIPE_0278
IMPLEMENTATION;MACHINE_0124;RECIPE_0278
IMPLEMENTATION;MACHINE_0117;RECIPE_0279
IMPLEMENTATION;MACHINE_0116;RECIPE_0279
IMPLEMENTATION;MACHINE_0105;RECIPE_0279
IMPLEMENTATION;MACHINE_0122;RECIPE_0279
IMPLEMENTATION;MACHINE_0104;RECIPE_0279
IMPLEMENTATION;MACHINE_0106;RECIPE_0279
IMPLEMENTATION;MACHINE_0110;RECIPE_0279
IMPLEMENTATION;MACHINE_0128;RECIPE_0279
IMPLEMENTATION;MACHINE_0109;RECIPE_0280
IMPLEMENTATION;MACHINE_0115;RECIPE_0280
IMPLEMENTATION;MACHINE_0116;RECIPE_0280
IMPLEMENTATION;MACHINE_0106;RECIPE_0280
IMPLEMENTATION;MACHINE_0103;RECIPE_0280
IMPLEMENTATION;MACHINE_0117;RECIPE_0280
IMPLEMENTATION;MACHINE_0124;RECIPE_0280
IMPLEMENTATION;MACHINE_0130;RECIPE_0280
IMPLEMENTATION;MACHINE_0124;RECIPE_0281
IMPLEMENTATION;MACHINE_0126;RECIPE_0281
IMPLEMENTATION;MACHINE_0116;RECIPE_0281
IMPLEMENTATION;MACHINE_0108;RECIPE_0281
IMPLEMENTATION;MACHINE_0104;RECIPE_0281
IMPLEMENTATION;MACHINE_0107;RECIPE_0281
IMPLEMENTATION;MACHINE_0122;RECIPE_0281
IMPLEMENTATION;MACHINE_0119;RECIPE_0281
IMPLEMENTATION;MACHINE_0130;RECIPE_0282
IMPLEMENTATION;MACHINE_0104;RECIPE_0282
IMPLEMENTATION;MACHINE_0102;RECIPE_0282
IMPLEMENTATION;MACHINE_0107;RECIPE_0282
IMPLEMENTATION;MACHINE_0110;RECIPE_0282
IMPLEMENTATION;MACHINE_0105;RECIPE_0282
IMPLEMENTATION;MACHINE_0113;RECIPE_0282
IMPLEMENTATION;MACHINE_0119;RECIPE_0283
IMPLEMENTATION;MACHINE_0114;RECIPE_0283
IMPLEMENTATION;MACHINE_0128;RECIPE_0283
IMPLEMENTATION;MACHINE_0126;RECIPE_0283
IMPLEMENTATION;MACHINE_0117;RECIPE_0283
IMPLEMENTATION;MACHINE_0123;RECIPE_0283
IMPLEMENTATION;MACHINE_0104;RECIPE_0283
IMPLEMENTATION;MACHINE_0112;RECIPE_0283
IMPLEMENTATION;MACHINE_0111;RECIPE_0283
IMPLEMENTATION;MACHINE_0117;RECIPE_0284
IMPLEMENTATION;MACHINE_0113;RECIPE_0284
IMPLEMENTATION;MACHINE_0126;RECIPE_0284
IMPLEMENTATION;MACHINE_0125;RECIPE_0284
IMPLEMENTATION;MACHINE_0121;RECIPE_0284
IMPLEMENTATION;MACHINE_0101;RECIPE_0284
IMPLEMENTATION;MACHINE_0108;RECIPE_0284
IMPLEMENTATION;MACHINE_0104;RECIPE_0284
IMPLEMENTATION;MACHINE_0129;RECIPE_0284
IMPLEMENTATION;MACHINE_0109;RECIPE_0284
IMPLEMENTATION;MACHINE_0103;RECIPE_0284
IMPLEMENTATION;MACHINE_0110;RECIPE_0284
IMPLEMENTATION;MACHINE_0107;RECIPE_0284
IMPLEMENTATION;MACHINE_0122;RECIPE_0284
IMPLEMENTATION;MACHINE_0102;RECIPE_0284
IMPLEMENTATION;MACHINE_0125;RECIPE_0285
IMPLEMENTATION;MACHINE_0116;RECIPE_0285
IMPLEMENTATION;MACHINE_0107;RECIPE_0285
IMPLEMENTATION;MACHINE_0101;RECIPE_0285
IMPLEMENTATION;MACHINE_0111;RECIPE_0286
IMPLEMENTATION;MACHINE_0130;RECIPE_0286
IMPLEMENTATION;MACHINE_0117;RECIPE_0286
IMPLEMENTATION;MACHINE_0101;RECIPE_0286
IMPLEMENTATION;MACHINE_0103;RECIPE_0286
IMPLEMENTATION;MACHINE_0109;RECIPE_0286
IMPLEMENTATION;MACHINE_0121;RECIPE_0286
IMPLEMENTATION;MACHINE_0105;RECIPE_0286
IMPLEMENTATION;MACHINE_0128;RECIPE_0286
IMPLEMENTATION;MACHINE_0113;RECIPE_0286
IMPLEMENTATION;MACHINE_0123;RECIPE_0286
IMPLEMENTATION;MACHINE_0117;RECIPE_0287
IMPLEMENTATION;MACHINE_0128;RECIPE_0287
IMPLEMENTATION;MACHINE_0111;RECIPE_0287
IMPLEMENTATION;MACHINE_0109;RECIPE_0287
IMPLEMENTATION;MACHINE_0129;RECIPE_0287
IMPLEMENTATION;MACHINE_0104;RECIPE_0287
IMPLEMENTATION;MACHINE_0127;RECIPE_0287
IMPLEMENTATION;MACHINE_0112;RECIPE_0287
IMPLEMENTATION;MACHINE_0114;RECIPE_0287
IMPLEMENTATION;MACHINE_0107;RECIPE_0287
IMPLEMENTATION;MACHINE_0122;RECIPE_0288
IMPLEMENTATION;MACHINE_0129;RECIPE_0288
IMPLEMENTATION;MACHINE_0110;RECIPE_0288
IMPLEMENTATION;MACHINE_0125;RECIPE_0288
IMPLEMENTATION;MACHINE_0127;RECIPE_0288
IMPLEMENTATION;MACHINE_0117;RECIPE_0288
IMPLEMENTATION;MACHINE_0114;RECIPE_0288
IMPLEMENTATION;MACHINE_0101;RECIPE_0288
IMPLEMENTATION;MACHINE_0105;RECIPE_0288
IMPLEMENTATION;MACHINE_0118;RECIPE_0288
IMPLEMENTATION;MACHINE_0122;RECIPE_0289
IMPLEMENTATION;MACHINE_0104;RECIPE_0289
IMPLEMENTATION;MACHINE_0105;RECIPE_0289
IMPLEMENTATION;MACHINE_0130;RECIPE_0289
IMPLEMENTATION;MACHINE_0111;RECIPE_0289
IMPLEMENTATION;MACHINE_0106;RECIPE_0289
IMPLEMENTATION;MACHINE_0114;RECIPE_0289
IMPLEMENTATION;MACHINE_0121;RECIPE_0289
IMPLEMENTATION;MACHINE_0119;RECIPE_0289
IMPLEMENTATION;MACHINE_0124;RECIPE_0289
IMPLEMENTATION;MACHINE_0118;RECIPE_0289
IMPLEMENTATION;MACHINE_0117;RECIPE_0289
IMPLEMENTATION;MACHINE_0116;RECIPE_0289
IMPLEMENTATION;MACHINE_0124;RECIPE_0290
IMPLEMENTATION;MACHINE_0119;RECIPE_0290
IMPLEMENTATION;MACHINE_0104;RECIPE_0290
IMPLEMENTATION;MACHINE_0111;RECIPE_0290
IMPLEMENTATION;MACHINE_0126;RECIPE_0290
IMPLEMENTATION;MACHINE_0127;RECIPE_0290
IMPLEMENTATION;MACHINE_0112;RECIPE_0290
IMPLEMENTATION;MACHINE_0128;RECIPE_0290
IMPLEMENTATION;MACHINE_0129;RECIPE_0290
IMPLEMENTATION;MACHINE_0102;RECIPE_0290
IMPLEMENTATION;MACHINE_0118;RECIPE_0290
IMPLEMENTATION;MACHINE_0115;RECIPE_0290
IMPLEMENTATION;MACHINE_0123;RECIPE_0291
IMPLEMENTATION;MACHINE_0112;RECIPE_0291
IMPLEMENTATION;MACHINE_0118;RECIPE_0291
IMPLEMENTATION;MACHINE_0107;RECIPE_0291
IMPLEMENTATION;MACHINE_0122;RECIPE_0291
IMPLEMENTATION;MACHINE_0115;RECIPE_0291
IMPLEMENTATION;MACHINE_0130;RECIPE_0291
IMPLEMENTATION;MACHINE_0106;RECIPE_0291
IMPLEMENTATION;MACHINE_0126;RECIPE_0291
IMPLEMENTATION;MACHINE_0124;RECIPE_0291
IMPLEMENTATION;MACHINE_0108;RECIPE_0291
IMPLEMENTATION;MACHINE_0112;RECIPE_0292
IMPLEMENTATION;MACHINE_0114;RECIPE_0292
IMPLEMENTATION;MACHINE_0102;RECIPE_0292
IMPLEMENTATION;MACHINE_0107;RECIPE_0292
IMPLEMENTATION;MACHINE_0115;RECIPE_0292
IMPLEMENTATION;MACHINE_0126;RECIPE_0292
IMPLEMENTATION;MACHINE_0125;RECIPE_0293
IMPLEMENTATION;MACHINE_0128;RECIPE_0293
IMPLEMENTATION;MACHINE_0102;RECIPE_0293
IMPLEMENTATION;MACHINE_0116;RECIPE_0293
IMPLEMENTATION;MACHINE_0119;RECIPE_0293
IMPLEMENTATION;MACHINE_0103;RECIPE_0294
IMPLEMENTATION;MACHINE_0114;RECIPE_0294
IMPLEMENTATION;MACHINE_0129;RECIPE_0294
IMPLEMENTATION;MACHINE_0130;RECIPE_0294
IMPLEMENTATION;MACHINE_0104;RECIPE_0294
IMPLEMENTATION;MACHINE_0109;RECIPE_0294
IMPLEMENTATION;MACHINE_0113;RECIPE_0294
IMPLEMENTATION;MACHINE_0102;RECIPE_0295
IMPLEMENTATION;MACHINE_0116;RECIPE_0295
IMPLEMENTATION;MACHINE_0103;RECIPE_0295
IMPLEMENTATION;MACHINE_0106;RECIPE_0295
IMPLEMENTATION;MACHINE_0111;RECIPE_0295
IMPLEMENTATION;MACHINE_0114;RECIPE_0295
IMPLEMENTATION;MACHINE_0104;RECIPE_0295
IMPLEMENTATION;MACHINE_0130;RECIPE_0295
IMPLEMENTATION;MACHINE_0122;RECIPE_0295
IMPLEMENTATION;MACHINE_0128;RECIPE_0295
IMPLEMENTATION;MACHINE_0112;RECIPE_0296
IMPLEMENTATION;MACHINE_0108;RECIPE_0296
IMPLEMENTATION;MACHINE_0120;RECIPE_0296
IMPLEMENTATION;MACHINE_0104;RECIPE_0296
IMPLEMENTATION;MACHINE_0127;RECIPE_0296
IMPLEMENTATION;MACHINE_0124;RECIPE_0296
IMPLEMENTATION;MACHINE_0107;RECIPE_0296
IMPLEMENTATION;MACHINE_0118;RECIPE_0296
IMPLEMENTATION;MACHINE_0130;RECIPE_0296
IMPLEMENTATION;MACHINE_0118;RECIPE_0297
IMPLEMENTATION;MACHINE_0114;RECIPE_0297
IMPLEMENTATION;MACHINE_0129;RECIPE_0297
IMPLEMENTATION;MACHINE_0122;RECIPE_0297
IMPLEMENTATION;MACHINE_0128;RECIPE_0297
IMPLEMENTATION;MACHINE_0121;RECIPE_0297
IMPLEMENTATION;MACHINE_0103;RECIPE_0297
IMPLEMENTATION;MACHINE_0102;RECIPE_0297
IMPLEMENTATION;MACHINE_0111;RECIPE_0297
IMPLEMENTATION;MACHINE_0114;RECIPE_0298
IMPLEMENTATION;MACHINE_0117;RECIPE_0298
IMPLEMENTATION;MACHINE_0101;RECIPE_0298
IMPLEMENTATION;MACHINE_0106;RECIPE_0298
IMPLEMENTATION;MACHINE_0108;RECIPE_0298
IMPLEMENTATION;MACHINE_0127;RECIPE_0298
IMPLEMENTATION;MACHINE_0110;RECIPE_0298
IMPLEMENTATION;MACHINE_0113;RECIPE_0298
IMPLEMENTATION;MACHINE_0106;RECIPE_0299
IMPLEMENTATION;MACHINE_0117;RECIPE_0299
IMPLEMENTATION;MACHINE_0107;RECIPE_0299
IMPLEMENTATION;MACHINE_0121;RECIPE_0299
IMPLEMENTATION;MACHINE_0101;RECIPE_0299
IMPLEMENTATION;MACHINE_0111;RECIPE_0299
IMPLEMENTATION;MACHINE_0110;RECIPE_0299
IMPLEMENTATION;MACHINE_0117;RECIPE_0300
IMPLEMENTATION;MACHINE_0106;RECIPE_0300
IMPLEMENTATION;MACHINE_0111;RECIPE_0300
IMPLEMENTATION;MACHINE_0118;RECIPE_0300
IMPLEMENTATION;MACHINE_0124;RECIPE_0300
IMPLEMENTATION;MACHINE_0107;RECIPE_0300
IMPLEMENTATION;MACHINE_0109;RECIPE_0300
IMPLEMENTATION;MACHINE_0119;RECIPE_0301
IMPLEMENTATION;MACHINE_0122;RECIPE_0301
IMPLEMENTATION;MACHINE_0125;RECIPE_0301
IMPLEMENTATION;MACHINE_0120;RECIPE_0301
IMPLEMENTATION;MACHINE_0106;RECIPE_0301
IMPLEMENTATION;MACHINE_0102;RECIPE_0301
IMPLEMENTATION;MACHINE_0124;RECIPE_0301
IMPLEMENTATION;MACHINE_0108;RECIPE_0302
IMPLEMENTATION;MACHINE_0103;RECIPE_0302
IMPLEMENTATION;MACHINE_0110;RECIPE_0302
IMPLEMENTATION;MACHINE_0125;RECIPE_0302
IMPLEMENTATION;MACHINE_0111;RECIPE_0302
IMPLEMENTATION;MACHINE_0127;RECIPE_0302
IMPLEMENTATION;MACHINE_0109;RECIPE_0302
IMPLEMENTATION;MACHINE_0120;RECIPE_0302
IMPLEMENTATION;MACHINE_0107;RECIPE_0302
IMPLEMENTATION;MACHINE_0130;RECIPE_0303
IMPLEMENTATION;MACHINE_0107;RECIPE_0303
IMPLEMENTATION;MACHINE_0113;RECIPE_0303
IMPLEMENTATION;MACHINE_0116;RECIPE_0303
IMPLEMENTATION;MACHINE_0126;RECIPE_0303
IMPLEMENTATION;MACHINE_0112;RECIPE_0303
IMPLEMENTATION;MACHINE_0124;RECIPE_0303
IMPLEMENTATION;MACHINE_0114;RECIPE_0303
IMPLEMENTATION;MACHINE_0115;RECIPE_0303
IMPLEMENTATION;MACHINE_0110;RECIPE_0304
IMPLEMENTATION;MACHINE_0123;RECIPE_0304
IMPLEMENTATION;MACHINE_0106;RECIPE_0304
IMPLEMENTATION;MACHINE_0124;RECIPE_0304
IMPLEMENTATION;MACHINE_0105;RECIPE_0304
IMPLEMENTATION;MACHINE_0113;RECIPE_0304
IMPLEMENTATION;MACHINE_0107;RECIPE_0304
IMPLEMENTATION;MACHINE_0117;RECIPE_0304
IMPLEMENTATION;MACHINE_0114;RECIPE_0304
IMPLEMENTATION;MACHINE_0130;RECIPE_0304
IMPLEMENTATION;MACHINE_0110;RECIPE_0305
IMPLEMENTATION;MACHINE_0114;RECIPE_0305
IMPLEMENTATION;MACHINE_0117;RECIPE_0305
IMPLEMENTATION;MACHINE_0118;RECIPE_0305
IMPLEMENTATION;MACHINE_0122;RECIPE_0305
IMPLEMENTATION;MACHINE_0104;RECIPE_0305
IMPLEMENTATION;MACHINE_0113;RECIPE_0305
IMPLEMENTATION;MACHINE_0127;RECIPE_0305
IMPLEMENTATION;MACHINE_0108;RECIPE_0305
IMPLEMENTATION;MACHINE_0121;RECIPE_0305
IMPLEMENTATION;MACHINE_0111;RECIPE_0305
IMPLEMENTATION;MACHINE_0103;RECIPE_0305
IMPLEMENTATION;MACHINE_0123;RECIPE_0305
IMPLEMENTATION;MACHINE_0129;RECIPE_0306
IMPLEMENTATION;MACHINE_0104;RECIPE_0306
IMPLEMENTATION;MACHINE_0105;RECIPE_0306
IMPLEMENTATION;MACHINE_0111;RECIPE_0306
IMPLEMENTATION;MACHINE_0128;RECIPE_0306
IMPLEMENTATION;MACHINE_0124;RECIPE_0306
IMPLEMENTATION;MACHINE_0115;RECIPE_0306
IMPLEMENTATION;MACHINE_0109;RECIPE_0306
IMPLEMENTATION;MACHINE_0107;RECIPE_0306
IMPLEMENTATION;MACHINE_0123;RECIPE_0306
IMPLEMENTATION;MACHINE_0127;RECIPE_0306
IMPLEMENTATION;MACHINE_0115;RECIPE_0307
IMPLEMENTATION;MACHINE_0107;RECIPE_0307
IMPLEMENTATION;MACHINE_0114;RECIPE_0307
IMPLEMENTATION;MACHINE_0118;RECIPE_0307
IMPLEMENTATION;MACHINE_0120;RECIPE_0307
IMPLEMENTATION;MACHINE_0117;RECIPE_0307
IMPLEMENTATION;MACHINE_0108;RECIPE_0307
IMPLEMENTATION;MACHINE_0104;RECIPE_0307
IMPLEMENTATION;MACHINE_0128;RECIPE_0307
IMPLEMENTATION;MACHINE_0116;RECIPE_0307
IMPLEMENTATION;MACHINE_0123;RECIPE_0308
IMPLEMENTATION;MACHINE_0117;RECIPE_0308
IMPLEMENTATION;MACHINE_0109;RECIPE_0308
IMPLEMENTATION;MACHINE_0110;RECIPE_0308
IMPLEMENTATION;MACHINE_0118;RECIPE_0308
IMPLEMENTATION;MACHINE_0126;RECIPE_0308
IMPLEMENTATION;MACHINE_0120;RECIPE_0308
IMPLEMENTATION;MACHINE_0124;RECIPE_0308
IMPLEMENTATION;MACHINE_0127;RECIPE_0309
IMPLEMENTATION;MACHINE_0109;RECIPE_0309
IMPLEMENTATION;MACHINE_0105;RECIPE_0309
IMPLEMENTATION;MACHINE_0128;RECIPE_0309
IMPLEMENTATION;MACHINE_0119;RECIPE_0309
IMPLEMENTATION;MACHINE_0124;RECIPE_0309
IMPLEMENTATION;MACHINE_0113;RECIPE_0309
IMPLEMENTATION;MACHINE_0116;RECIPE_0309
IMPLEMENTATION;MACHINE_0121;RECIPE_0309
IMPLEMENTATION;MACHINE_0120;RECIPE_0309
IMPLEMENTATION;MACHINE_0130;RECIPE_0309
IMPLEMENTATION;MACHINE_0111;RECIPE_0310
IMPLEMENTATION;MACHINE_0119;RECIPE_0310
IMPLEMENTATION;MACHINE_0128;RECIPE_0310
IMPLEMENTATION;MACHINE_0115;RECIPE_0310
IMPLEMENTATION;MACHINE_0109;RECIPE_0310
IMPLEMENTATION;MACHINE_0113;RECIPE_0310
IMPLEMENTATION;MACHINE_0124;RECIPE_0310
IMPLEMENTATION;MACHINE_0102;RECIPE_0310
IMPLEMENTATION;MACHINE_0109;RECIPE_0311
IMPLEMENTATION;MACHINE_0116;RECIPE_0311
IMPLEMENTATION;MACHINE_0112;RECIPE_0311
IMPLEMENTATION;MACHINE_0125;RECIPE_0311
IMPLEMENTATION;MACHINE_0115;RECIPE_0311
IMPLEMENTATION;MACHINE_0114;RECIPE_0311
IMPLEMENTATION;MACHINE_0113;RECIPE_0311
IMPLEMENTATION;MACHINE_0127;RECIPE_0311
IMPLEMENTATION;MACHINE_0110;RECIPE_0311
IMPLEMENTATION;MACHINE_0107;RECIPE_0311
IMPLEMENTATION;MACHINE_0106;RECIPE_0311
IMPLEMENTATION;MACHINE_0102;RECIPE_0311
IMPLEMENTATION;MACHINE_0111;RECIPE_0311
IMPLEMENTATION;MACHINE_0126;RECIPE_0311
IMPLEMENTATION;MACHINE_0119;RECIPE_0312
IMPLEMENTATION;MACHINE_0121;RECIPE_0312
IMPLEMENTATION;MACHINE_0111;RECIPE_0312
IMPLEMENTATION;MACHINE_0112;RECIPE_0312
IMPLEMENTATION;MACHINE_0124;RECIPE_0312
IMPLEMENTATION;MACHINE_0118;RECIPE_0312
IMPLEMENTATION;MACHINE_0114;RECIPE_0312
IMPLEMENTATION;MACHINE_0123;RECIPE_0313
IMPLEMENTATION;MACHINE_0124;RECIPE_0313
IMPLEMENTATION;MACHINE_0111;RECIPE_0313
IMPLEMENTATION;MACHINE_0114;RECIPE_0313
IMPLEMENTATION;MACHINE_0125;RECIPE_0313
IMPLEMENTATION;MACHINE_0102;RECIPE_0313
IMPLEMENTATION;MACHINE_0110;RECIPE_0313
IMPLEMENTATION;MACHINE_0127;RECIPE_0313
IMPLEMENTATION;MACHINE_0129;RECIPE_0313
IMPLEMENTATION;MACHINE_0101;RECIPE_0314
IMPLEMENTATION;MACHINE_0123;RECIPE_0314
IMPLEMENTATION;MACHINE_0128;RECIPE_0314
IMPLEMENTATION;MACHINE_0122;RECIPE_0314
IMPLEMENTATION;MACHINE_0126;RECIPE_0314
IMPLEMENTATION;MACHINE_0120;RECIPE_0314
IMPLEMENTATION;MACHINE_0119;RECIPE_0314
IMPLEMENTATION;MACHINE_0125;RECIPE_0314
IMPLEMENTATION;MACHINE_0124;RECIPE_0314
IMPLEMENTATION;MACHINE_0112;RECIPE_0314
IMPLEMENTATION;MACHINE_0105;RECIPE_0314
IMPLEMENTATION;MACHINE_0110;RECIPE_0315
IMPLEMENTATION;MACHINE_0103;RECIPE_0315
IMPLEMENTATION;MACHINE_0104;RECIPE_0315
IMPLEMENTATION;MACHINE_0117;RECIPE_0315
IMPLEMENTATION;MACHINE_0111;RECIPE_0315
IMPLEMENTATION;MACHINE_0127;RECIPE_0315
IMPLEMENTATION;MACHINE_0129;RECIPE_0315
IMPLEMENTATION;MACHINE_0124;RECIPE_0315
IMPLEMENTATION;MACHINE_0112;RECIPE_0315
IMPLEMENTATION;MACHINE_0102;RECIPE_0315
IMPLEMENTATION;MACHINE_0116;RECIPE_0315
IMPLEMENTATION;MACHINE_0104;RECIPE_0316
IMPLEMENTATION;MACHINE_0125;RECIPE_0316
IMPLEMENTATION;MACHINE_0114;RECIPE_0316
IMPLEMENTATION;MACHINE_0127;RECIPE_0316
IMPLEMENTATION;MACHINE_0130;RECIPE_0316
IMPLEMENTATION;MACHINE_0113;RECIPE_0317
IMPLEMENTATION;MACHINE_0116;RECIPE_0317
IMPLEMENTATION;MACHINE_0111;RECIPE_0317
IMPLEMENTATION;MACHINE_0120;RECIPE_0317
IMPLEMENTATION;MACHINE_0128;RECIPE_0317
IMPLEMENTATION;MACHINE_0126;RECIPE_0317
IMPLEMENTATION;MACHINE_0106;RECIPE_0317
IMPLEMENTATION;MACHINE_0115;RECIPE_0317
IMPLEMENTATION;MACHINE_0130;RECIPE_0318
IMPLEMENTATION;MACHINE_0125;RECIPE_0318
IMPLEMENTATION;MACHINE_0127;RECIPE_0318
IMPLEMENTATION;MACHINE_0105;RECIPE_0318
IMPLEMENTATION;MACHINE_0107;RECIPE_0318
IMPLEMENTATION;MACHINE_0120;RECIPE_0318
IMPLEMENTATION;MACHINE_0109;RECIPE_0318
IMPLEMENTATION;MACHINE_0116;RECIPE_0318
IMPLEMENTATION;MACHINE_0114;RECIPE_0318
IMPLEMENTATION;MACHINE_0128;RECIPE_0319
IMPLEMENTATION;MACHINE_0109;RECIPE_0319
IMPLEMENTATION;MACHINE_0129;RECIPE_0319
IMPLEMENTATION;MACHINE_0125;RECIPE_0319
IMPLEMENTATION;MACHINE_0102;RECIPE_0320
IMPLEMENTATION;MACHINE_0125;RECIPE_0320
IMPLEMENTATION;MACHINE_0126;RECIPE_0320
IMPLEMENTATION;MACHINE_0124;RECIPE_0320
IMPLEMENTATION;MACHINE_0119;RECIPE_0320
IMPLEMENTATION;MACHINE_0105;RECIPE_0320
IMPLEMENTATION;MACHINE_0110;RECIPE_0320
IMPLEMENTATION;MACHINE_0106;RECIPE_0320
IMPLEMENTATION;MACHINE_0129;RECIPE_0320
IMPLEMENTATION;MACHINE_0101;RECIPE_0321
IMPLEMENTATION;MACHINE_0114;RECIPE_0321
IMPLEMENTATION;MACHINE_0126;RECIPE_0321
IMPLEMENTATION;MACHINE_0112;RECIPE_0321
IMPLEMENTATION;MACHINE_0102;RECIPE_0321
IMPLEMENTATION;MACHINE_0106;RECIPE_0321
IMPLEMENTATION;MACHINE_0121;RECIPE_0321
IMPLEMENTATION;MACHINE_0125;RECIPE_0322
IMPLEMENTATION;MACHINE_0115;RECIPE_0322
IMPLEMENTATION;MACHINE_0102;RECIPE_0322
IMPLEMENTATION;MACHINE_0106;RECIPE_0322
IMPLEMENTATION;MACHINE_0128;RECIPE_0322
IMPLEMENTATION;MACHINE_0101;RECIPE_0322
IMPLEMENTATION;MACHINE_0112;RECIPE_0322
IMPLEMENTATION;MACHINE_0108;RECIPE_0322
IMPLEMENTATION;MACHINE_0120;RECIPE_0323
IMPLEMENTATION;MACHINE_0122;RECIPE_0323
IMPLEMENTATION;MACHINE_0125;RECIPE_0323
IMPLEMENTATION;MACHINE_0106;RECIPE_0323
IMPLEMENTATION;MACHINE_0115;RECIPE_0323
IMPLEMENTATION;MACHINE_0107;RECIPE_0323
IMPLEMENTATION;MACHINE_0116;RECIPE_0323
IMPLEMENTATION;MACHINE_0104;RECIPE_0323
IMPLEMENTATION;MACHINE_0128;RECIPE_0323
IMPLEMENTATION;MACHINE_0127;RECIPE_0323
IMPLEMENTATION;MACHINE_0112;RECIPE_0323
IMPLEMENTATION;MACHINE_0109;RECIPE_0323
IMPLEMENTATION;MACHINE_0103;RECIPE_0323
IMPLEMENTATION;MACHINE_0128;RECIPE_0324
IMPLEMENTATION;MACHINE_0105;RECIPE_0324
IMPLEMENTATION;MACHINE_0126;RECIPE_0324
IMPLEMENTATION;MACHINE_0124;RECIPE_0324
IMPLEMENTATION;MACHINE_0125;RECIPE_0324
IMPLEMENTATION;MACHINE_0104;RECIPE_0324
IMPLEMENTATION;MACHINE_0102;RECIPE_0324
IMPLEMENTATION;MACHINE_0130;RECIPE_0324
IMPLEMENTATION;MACHINE_0110;RECIPE_0325
IMPLEMENTATION;MACHINE_0126;RECIPE_0325
IMPLEMENTATION;MACHINE_0124;RECIPE_0325
IMPLEMENTATION;MACHINE_0111;RECIPE_0325
IMPLEMENTATION;MACHINE_0119;RECIPE_0325
IMPLEMENTATION;MACHINE_0105;RECIPE_0325
IMPLEMENTATION;MACHINE_0128;RECIPE_0325
IMPLEMENTATION;MACHINE_0106;RECIPE_0325
IMPLEMENTATION;MACHINE_0123;RECIPE_0325
IMPLEMENTATION;MACHINE_0118;RECIPE_0325
IMPLEMENTATION;MACHINE_0119;RECIPE_0326
IMPLEMENTATION;MACHINE_0127;RECIPE_0326
IMPLEMENTATION;MACHINE_0122;RECIPE_0326
IMPLEMENTATION;MACHINE_0123;RECIPE_0326
IMPLEMENTATION;MACHINE_0130;RECIPE_0326
IMPLEMENTATION;MACHINE_0102;RECIPE_0326
IMPLEMENTATION;MACHINE_0111;RECIPE_0326
IMPLEMENTATION;MACHINE_0101;RECIPE_0326
IMPLEMENTATION;MACHINE_0112;RECIPE_0326
IMPLEMENTATION;MACHINE_0106;RECIPE_0326
IMPLEMENTATION;MACHINE_0128;RECIPE_0326
IMPLEMENTATION;MACHINE_0127;RECIPE_0327
IMPLEMENTATION;MACHINE_0102;RECIPE_0327
IMPLEMENTATION;MACHINE_0114;RECIPE_0327
IMPLEMENTATION;MACHINE_0124;RECIPE_0327
IMPLEMENTATION;MACHINE_0123;RECIPE_0327
IMPLEMENTATION;MACHINE_0111;RECIPE_0327
IMPLEMENTATION;MACHINE_0112;RECIPE_0327
IMPLEMENTATION;MACHINE_0122;RECIPE_0327
IMPLEMENTATION;MACHINE_0104;RECIPE_0328
IMPLEMENTATION;MACHINE_0130;RECIPE_0328
IMPLEMENTATION;MACHINE_0124;RECIPE_0328
IMPLEMENTATION;MACHINE_0107;RECIPE_0328
IMPLEMENTATION;MACHINE_0116;RECIPE_0328
IMPLEMENTATION;MACHINE_0111;RECIPE_0328
IMPLEMENTATION;MACHINE_0101;RECIPE_0328
IMPLEMENTATION;MACHINE_0116;RECIPE_0329
IMPLEMENTATION;MACHINE_0113;RECIPE_0329
IMPLEMENTATION;MACHINE_0114;RECIPE_0329
IMPLEMENTATION;MACHINE_0119;RECIPE_0329
IMPLEMENTATION;MACHINE_0118;RECIPE_0329
IMPLEMENTATION;MACHINE_0111;RECIPE_0329
IMPLEMENTATION;MACHINE_0117;RECIPE_0329
IMPLEMENTATION;MACHINE_0115;RECIPE_0329
IMPLEMENTATION;MACHINE_0112;RECIPE_0329
IMPLEMENTATION;MACHINE_0125;RECIPE_0329
IMPLEMENTATION;MACHINE_0128;RECIPE_0330
IMPLEMENTATION;MACHINE_0124;RECIPE_0330
IMPLEMENTATION;MACHINE_0115;RECIPE_0330
IMPLEMENTATION;MACHINE_0110;RECIPE_0330
IMPLEMENTATION;MACHINE_0121;RECIPE_0330
IMPLEMENTATION;MACHINE_0119;RECIPE_0330
IMPLEMENTATION;MACHINE_0111;RECIPE_0330
IMPLEMENTATION;MACHINE_0117;RECIPE_0330
IMPLEMENTATION;MACHINE_0113;RECIPE_0330
IMPLEMENTATION;MACHINE_0130;RECIPE_0330
IMPLEMENTATION;MACHINE_0104;RECIPE_0330
